"customer_id","data_segment","avg_gb"
"1503","Heavy Data User","20.5"
"86","Heavy Data User","20.1"
"1179","Medium User","19.9"
"1071","Medium User","19.5"
"645","Medium User","18.7"
"754","Medium User","18.4"
"755","Medium User","18.2"
"241","Medium User","18.1"
"24","Medium User","18.0"
"886","Medium User","17.9"
"407","Medium User","17.9"
"1467","Medium User","17.6"
"547","Medium User","17.5"
"124","Medium User","17.5"
"137","Medium User","17.4"
"581","Medium User","17.3"
"1674","Medium User","17.2"
"1326","Medium User","17.0"
"1332","Medium User","17.0"
"1861","Medium User","16.8"
"1477","Medium User","16.8"
"1273","Medium User","16.8"
"1499","Medium User","16.7"
"1042","Medium User","16.5"
"249","Medium User","16.4"
"1420","Medium User","16.3"
"774","Medium User","16.3"
"1316","Medium User","16.3"
"196","Medium User","16.2"
"1980","Medium User","16.2"
"605","Medium User","16.1"
"1465","Medium User","16.0"
"737","Medium User","16.0"
"1299","Medium User","16.0"
"730","Medium User","16.0"
"1722","Medium User","16.0"
"1628","Medium User","15.9"
"640","Medium User","15.9"
"933","Medium User","15.9"
"1491","Medium User","15.9"
"299","Medium User","15.8"
"17","Medium User","15.8"
"409","Medium User","15.8"
"857","Medium User","15.7"
"1612","Medium User","15.6"
"70","Medium User","15.6"
"1309","Medium User","15.6"
"39","Medium User","15.6"
"157","Medium User","15.6"
"681","Medium User","15.6"
"182","Medium User","15.5"
"95","Medium User","15.5"
"1213","Medium User","15.5"
"1548","Medium User","15.5"
"484","Medium User","15.5"
"1791","Medium User","15.5"
"1565","Medium User","15.5"
"350","Medium User","15.5"
"1320","Medium User","15.4"
"516","Medium User","15.4"
"748","Medium User","15.4"
"61","Medium User","15.4"
"1442","Medium User","15.4"
"622","Medium User","15.4"
"1036","Medium User","15.4"
"271","Medium User","15.3"
"1532","Medium User","15.3"
"1077","Medium User","15.3"
"1234","Medium User","15.3"
"206","Medium User","15.3"
"1800","Medium User","15.3"
"520","Medium User","15.2"
"584","Medium User","15.2"
"1310","Medium User","15.1"
"226","Medium User","15.1"
"803","Medium User","15.1"
"1498","Medium User","15.1"
"1447","Medium User","15.1"
"943","Medium User","15.1"
"759","Medium User","15.1"
"1177","Medium User","15.0"
"1831","Medium User","15.0"
"975","Medium User","15.0"
"1585","Medium User","15.0"
"940","Medium User","15.0"
"82","Medium User","15.0"
"1864","Medium User","14.9"
"1134","Medium User","14.9"
"1835","Medium User","14.9"
"1453","Medium User","14.9"
"504","Medium User","14.9"
"1165","Medium User","14.9"
"1052","Medium User","14.9"
"1352","Medium User","14.9"
"90","Medium User","14.8"
"829","Medium User","14.8"
"67","Medium User","14.8"
"430","Medium User","14.8"
"1432","Medium User","14.7"
"969","Medium User","14.7"
"496","Medium User","14.7"
"313","Medium User","14.7"
"1822","Medium User","14.7"
"1469","Medium User","14.6"
"680","Medium User","14.6"
"729","Medium User","14.6"
"661","Medium User","14.6"
"674","Medium User","14.6"
"1354","Medium User","14.6"
"1654","Medium User","14.5"
"219","Medium User","14.5"
"1346","Medium User","14.5"
"897","Medium User","14.5"
"540","Medium User","14.5"
"1433","Medium User","14.5"
"1615","Medium User","14.5"
"49","Medium User","14.5"
"1137","Medium User","14.4"
"1962","Medium User","14.4"
"291","Medium User","14.4"
"1982","Medium User","14.4"
"1712","Medium User","14.4"
"453","Medium User","14.4"
"1751","Medium User","14.4"
"673","Medium User","14.4"
"177","Medium User","14.3"
"1305","Medium User","14.3"
"608","Medium User","14.3"
"343","Medium User","14.3"
"682","Medium User","14.3"
"1261","Medium User","14.3"
"679","Medium User","14.3"
"1384","Medium User","14.3"
"876","Medium User","14.3"
"898","Medium User","14.3"
"1885","Medium User","14.3"
"1271","Medium User","14.3"
"1596","Medium User","14.3"
"1214","Medium User","14.2"
"1412","Medium User","14.2"
"1378","Medium User","14.2"
"1279","Medium User","14.2"
"42","Medium User","14.2"
"1072","Medium User","14.2"
"602","Medium User","14.2"
"215","Medium User","14.2"
"1995","Medium User","14.2"
"791","Medium User","14.2"
"1591","Medium User","14.2"
"123","Medium User","14.2"
"1235","Medium User","14.2"
"462","Medium User","14.1"
"670","Medium User","14.1"
"731","Medium User","14.1"
"1687","Medium User","14.1"
"403","Medium User","14.1"
"186","Medium User","14.1"
"810","Medium User","14.1"
"372","Medium User","14.0"
"1255","Medium User","14.0"
"543","Medium User","14.0"
"901","Medium User","14.0"
"1693","Medium User","14.0"
"191","Medium User","14.0"
"1139","Medium User","14.0"
"1086","Medium User","14.0"
"764","Medium User","14.0"
"1713","Medium User","14.0"
"510","Medium User","14.0"
"1033","Medium User","14.0"
"1759","Medium User","14.0"
"268","Medium User","14.0"
"94","Medium User","13.9"
"776","Medium User","13.9"
"411","Medium User","13.9"
"1757","Medium User","13.9"
"1714","Medium User","13.9"
"1208","Medium User","13.9"
"1645","Medium User","13.8"
"995","Medium User","13.8"
"896","Medium User","13.8"
"1500","Medium User","13.8"
"1172","Medium User","13.8"
"641","Medium User","13.8"
"1359","Medium User","13.8"
"972","Medium User","13.8"
"506","Medium User","13.8"
"712","Medium User","13.8"
"1771","Medium User","13.8"
"468","Medium User","13.7"
"217","Medium User","13.7"
"398","Medium User","13.7"
"1694","Medium User","13.7"
"1391","Medium User","13.7"
"1041","Medium User","13.7"
"345","Medium User","13.7"
"498","Medium User","13.7"
"1119","Medium User","13.7"
"285","Medium User","13.7"
"817","Medium User","13.7"
"486","Medium User","13.7"
"148","Medium User","13.7"
"1390","Medium User","13.6"
"1578","Medium User","13.6"
"129","Medium User","13.6"
"1239","Medium User","13.6"
"1685","Medium User","13.6"
"826","Medium User","13.6"
"873","Medium User","13.6"
"1426","Medium User","13.6"
"1917","Medium User","13.6"
"563","Medium User","13.6"
"389","Medium User","13.6"
"286","Medium User","13.6"
"1704","Medium User","13.6"
"1559","Medium User","13.6"
"642","Medium User","13.6"
"1490","Medium User","13.6"
"52","Medium User","13.5"
"357","Medium User","13.5"
"159","Medium User","13.5"
"1121","Medium User","13.5"
"753","Medium User","13.5"
"1881","Medium User","13.5"
"1981","Medium User","13.5"
"1567","Medium User","13.5"
"88","Medium User","13.5"
"1572","Medium User","13.5"
"422","Medium User","13.5"
"1105","Medium User","13.5"
"336","Medium User","13.5"
"1303","Medium User","13.5"
"783","Medium User","13.5"
"1227","Medium User","13.5"
"604","Medium User","13.5"
"1777","Medium User","13.4"
"1211","Medium User","13.4"
"188","Medium User","13.4"
"822","Medium User","13.4"
"929","Medium User","13.4"
"888","Medium User","13.4"
"1468","Medium User","13.4"
"85","Medium User","13.4"
"770","Medium User","13.4"
"1210","Medium User","13.4"
"1079","Medium User","13.4"
"418","Medium User","13.4"
"599","Medium User","13.4"
"442","Medium User","13.4"
"463","Medium User","13.3"
"1927","Medium User","13.3"
"1074","Medium User","13.3"
"1989","Medium User","13.3"
"414","Medium User","13.3"
"1171","Medium User","13.3"
"497","Medium User","13.3"
"1507","Medium User","13.3"
"1558","Medium User","13.3"
"1934","Medium User","13.3"
"127","Medium User","13.3"
"1109","Medium User","13.3"
"654","Medium User","13.3"
"5","Medium User","13.3"
"1631","Medium User","13.2"
"490","Medium User","13.2"
"1938","Medium User","13.2"
"1816","Medium User","13.2"
"1575","Medium User","13.2"
"851","Medium User","13.2"
"1700","Medium User","13.2"
"650","Medium User","13.2"
"451","Medium User","13.2"
"1699","Medium User","13.2"
"976","Medium User","13.2"
"1008","Medium User","13.1"
"161","Medium User","13.1"
"1312","Medium User","13.1"
"863","Medium User","13.1"
"1598","Medium User","13.1"
"1245","Medium User","13.1"
"1718","Medium User","13.1"
"276","Medium User","13.1"
"987","Medium User","13.1"
"769","Medium User","13.1"
"904","Medium User","13.1"
"609","Medium User","13.1"
"1176","Medium User","13.1"
"967","Medium User","13.0"
"1648","Medium User","13.0"
"1992","Medium User","13.0"
"1747","Medium User","13.0"
"785","Medium User","13.0"
"133","Medium User","13.0"
"1350","Medium User","13.0"
"375","Medium User","13.0"
"1136","Medium User","13.0"
"636","Medium User","13.0"
"1952","Medium User","13.0"
"1622","Medium User","13.0"
"1702","Medium User","13.0"
"1088","Medium User","13.0"
"8","Medium User","13.0"
"1174","Medium User","12.9"
"1920","Medium User","12.9"
"1607","Medium User","12.9"
"1501","Medium User","12.9"
"1029","Medium User","12.9"
"1331","Medium User","12.9"
"833","Medium User","12.9"
"1206","Medium User","12.9"
"1017","Medium User","12.9"
"1496","Medium User","12.9"
"306","Medium User","12.9"
"1956","Medium User","12.9"
"525","Medium User","12.9"
"820","Medium User","12.9"
"29","Medium User","12.9"
"1225","Medium User","12.9"
"320","Medium User","12.9"
"425","Medium User","12.9"
"488","Medium User","12.9"
"699","Medium User","12.9"
"600","Medium User","12.8"
"181","Medium User","12.8"
"1838","Medium User","12.8"
"982","Medium User","12.8"
"521","Medium User","12.8"
"1197","Medium User","12.8"
"78","Medium User","12.8"
"1367","Medium User","12.8"
"1579","Medium User","12.8"
"312","Medium User","12.8"
"280","Medium User","12.8"
"1158","Medium User","12.8"
"46","Medium User","12.8"
"351","Medium User","12.8"
"1969","Medium User","12.8"
"668","Medium User","12.8"
"1492","Medium User","12.7"
"14","Medium User","12.7"
"1325","Medium User","12.7"
"309","Medium User","12.7"
"223","Medium User","12.7"
"1415","Medium User","12.7"
"1889","Medium User","12.7"
"1544","Medium User","12.7"
"1750","Medium User","12.7"
"465","Medium User","12.7"
"204","Medium User","12.7"
"237","Medium User","12.7"
"1065","Medium User","12.7"
"1478","Medium User","12.7"
"395","Medium User","12.7"
"519","Medium User","12.7"
"704","Medium User","12.7"
"882","Medium User","12.7"
"1744","Medium User","12.7"
"1285","Medium User","12.7"
"637","Medium User","12.7"
"381","Medium User","12.7"
"1923","Medium User","12.7"
"1436","Medium User","12.6"
"370","Medium User","12.6"
"1538","Medium User","12.6"
"1701","Medium User","12.6"
"1060","Medium User","12.6"
"733","Medium User","12.6"
"1993","Medium User","12.6"
"717","Medium User","12.6"
"721","Medium User","12.6"
"1039","Medium User","12.6"
"1449","Medium User","12.6"
"1733","Medium User","12.6"
"317","Medium User","12.6"
"266","Medium User","12.6"
"193","Medium User","12.6"
"651","Medium User","12.6"
"352","Medium User","12.6"
"165","Medium User","12.6"
"1994","Medium User","12.6"
"678","Medium User","12.6"
"1131","Medium User","12.5"
"1695","Medium User","12.5"
"1921","Medium User","12.5"
"1866","Medium User","12.5"
"1146","Medium User","12.5"
"1005","Medium User","12.5"
"1823","Medium User","12.5"
"37","Medium User","12.5"
"1692","Medium User","12.5"
"231","Medium User","12.5"
"562","Medium User","12.5"
"150","Medium User","12.5"
"1187","Medium User","12.5"
"224","Medium User","12.5"
"1871","Medium User","12.5"
"1107","Medium User","12.5"
"1268","Medium User","12.5"
"990","Medium User","12.5"
"1307","Medium User","12.5"
"247","Medium User","12.5"
"760","Medium User","12.5"
"1728","Medium User","12.4"
"716","Medium User","12.4"
"585","Medium User","12.4"
"100","Medium User","12.4"
"1794","Medium User","12.4"
"107","Medium User","12.4"
"1681","Medium User","12.4"
"700","Medium User","12.4"
"304","Medium User","12.4"
"1637","Medium User","12.4"
"784","Medium User","12.4"
"1140","Medium User","12.4"
"726","Medium User","12.4"
"1524","Medium User","12.4"
"638","Medium User","12.4"
"1929","Medium User","12.4"
"549","Medium User","12.4"
"1207","Medium User","12.4"
"1743","Medium User","12.3"
"1955","Medium User","12.3"
"1364","Medium User","12.3"
"932","Medium User","12.3"
"781","Medium User","12.3"
"131","Medium User","12.3"
"325","Medium User","12.3"
"1667","Medium User","12.3"
"255","Medium User","12.3"
"698","Medium User","12.3"
"173","Medium User","12.3"
"1563","Medium User","12.3"
"1015","Medium User","12.3"
"1519","Medium User","12.3"
"402","Medium User","12.3"
"1944","Medium User","12.3"
"794","Medium User","12.3"
"1386","Medium User","12.3"
"579","Medium User","12.3"
"693","Medium User","12.2"
"827","Medium User","12.2"
"38","Medium User","12.2"
"591","Medium User","12.2"
"1774","Medium User","12.2"
"419","Medium User","12.2"
"766","Medium User","12.2"
"1796","Medium User","12.2"
"787","Medium User","12.2"
"314","Medium User","12.2"
"1620","Medium User","12.2"
"1660","Medium User","12.2"
"1120","Medium User","12.2"
"1669","Medium User","12.2"
"1697","Medium User","12.2"
"1516","Medium User","12.2"
"216","Medium User","12.2"
"1505","Medium User","12.2"
"1900","Medium User","12.2"
"1129","Medium User","12.2"
"26","Medium User","12.2"
"1160","Medium User","12.2"
"1913","Medium User","12.2"
"238","Medium User","12.2"
"1865","Medium User","12.2"
"1321","Medium User","12.2"
"1940","Medium User","12.1"
"1125","Medium User","12.1"
"775","Medium User","12.1"
"101","Medium User","12.1"
"384","Medium User","12.1"
"99","Medium User","12.1"
"331","Medium User","12.1"
"366","Medium User","12.1"
"179","Medium User","12.1"
"707","Medium User","12.1"
"1182","Medium User","12.1"
"1770","Medium User","12.1"
"947","Medium User","12.1"
"1520","Medium User","12.1"
"1150","Medium User","12.1"
"1512","Medium User","12.1"
"1044","Medium User","12.1"
"1957","Medium User","12.1"
"1483","Medium User","12.1"
"1899","Medium User","12.1"
"1619","Medium User","12.1"
"1820","Medium User","12.1"
"808","Medium User","12.1"
"1536","Medium User","12.1"
"20","Medium User","12.1"
"149","Medium User","12.1"
"114","Medium User","12.1"
"74","Medium User","12.0"
"1792","Medium User","12.0"
"1438","Medium User","12.0"
"1634","Medium User","12.0"
"958","Medium User","12.0"
"696","Medium User","12.0"
"998","Medium User","12.0"
"1401","Medium User","12.0"
"432","Medium User","12.0"
"1721","Medium User","12.0"
"653","Medium User","12.0"
"1141","Medium User","12.0"
"779","Medium User","12.0"
"10","Medium User","12.0"
"1937","Medium User","12.0"
"1249","Medium User","12.0"
"685","Medium User","12.0"
"1188","Medium User","12.0"
"1768","Medium User","12.0"
"538","Medium User","12.0"
"523","Medium User","12.0"
"1233","Medium User","12.0"
"1093","Medium User","12.0"
"1710","Medium User","12.0"
"1471","Medium User","12.0"
"577","Medium User","11.9"
"1416","Medium User","11.9"
"1640","Medium User","11.9"
"1951","Medium User","11.9"
"1842","Medium User","11.9"
"438","Medium User","11.9"
"262","Medium User","11.9"
"175","Medium User","11.9"
"272","Medium User","11.9"
"1198","Medium User","11.9"
"1365","Medium User","11.9"
"110","Medium User","11.9"
"723","Medium User","11.9"
"1873","Medium User","11.9"
"1240","Medium User","11.9"
"89","Medium User","11.9"
"1610","Medium User","11.9"
"1511","Medium User","11.9"
"236","Medium User","11.9"
"116","Medium User","11.9"
"341","Medium User","11.9"
"35","Medium User","11.9"
"176","Medium User","11.9"
"1594","Medium User","11.9"
"228","Medium User","11.9"
"1061","Medium User","11.9"
"842","Medium User","11.9"
"902","Medium User","11.9"
"1606","Medium User","11.9"
"202","Medium User","11.8"
"1653","Medium User","11.8"
"1458","Medium User","11.8"
"1128","Medium User","11.8"
"1775","Medium User","11.8"
"1682","Medium User","11.8"
"1821","Medium User","11.8"
"942","Medium User","11.8"
"63","Medium User","11.8"
"1967","Medium User","11.8"
"1949","Medium User","11.8"
"455","Medium User","11.8"
"295","Medium User","11.8"
"1502","Medium User","11.8"
"1828","Medium User","11.8"
"837","Medium User","11.8"
"1132","Medium User","11.8"
"1805","Medium User","11.8"
"1902","Medium User","11.8"
"1666","Medium User","11.8"
"1652","Medium User","11.8"
"597","Medium User","11.8"
"603","Medium User","11.8"
"1781","Medium User","11.8"
"1260","Medium User","11.8"
"814","Medium User","11.8"
"1734","Medium User","11.8"
"288","Medium User","11.8"
"587","Medium User","11.8"
"1517","Medium User","11.8"
"1593","Medium User","11.8"
"971","Medium User","11.8"
"1848","Medium User","11.8"
"387","Medium User","11.8"
"1427","Medium User","11.8"
"19","Medium User","11.8"
"1377","Medium User","11.8"
"472","Medium User","11.7"
"1304","Medium User","11.7"
"878","Medium User","11.7"
"330","Medium User","11.7"
"108","Medium User","11.7"
"429","Medium User","11.7"
"368","Medium User","11.7"
"1488","Medium User","11.7"
"1066","Medium User","11.7"
"1745","Medium User","11.7"
"1275","Medium User","11.7"
"480","Medium User","11.7"
"305","Medium User","11.7"
"1327","Medium User","11.7"
"1855","Medium User","11.7"
"1222","Medium User","11.7"
"1705","Medium User","11.7"
"1941","Medium User","11.7"
"386","Medium User","11.7"
"282","Medium User","11.7"
"1448","Medium User","11.7"
"1690","Medium User","11.7"
"1914","Medium User","11.7"
"111","Medium User","11.7"
"1081","Medium User","11.7"
"1124","Medium User","11.7"
"719","Medium User","11.7"
"926","Medium User","11.7"
"1224","Medium User","11.7"
"834","Medium User","11.7"
"169","Medium User","11.7"
"1806","Medium User","11.6"
"1882","Medium User","11.6"
"1282","Medium User","11.6"
"613","Medium User","11.6"
"199","Medium User","11.6"
"1280","Medium User","11.6"
"527","Medium User","11.6"
"1454","Medium User","11.6"
"170","Medium User","11.6"
"460","Medium User","11.6"
"1108","Medium User","11.6"
"1306","Medium User","11.6"
"1145","Medium User","11.6"
"1789","Medium User","11.6"
"464","Medium User","11.6"
"1018","Medium User","11.6"
"1603","Medium User","11.6"
"1671","Medium User","11.6"
"1479","Medium User","11.6"
"1009","Medium User","11.6"
"406","Medium User","11.6"
"1046","Medium User","11.6"
"1429","Medium User","11.6"
"1935","Medium User","11.6"
"1228","Medium User","11.6"
"337","Medium User","11.6"
"1195","Medium User","11.6"
"749","Medium User","11.6"
"566","Medium User","11.6"
"1404","Medium User","11.5"
"1476","Medium User","11.5"
"1755","Medium User","11.5"
"347","Medium User","11.5"
"1405","Medium User","11.5"
"515","Medium User","11.5"
"970","Medium User","11.5"
"1504","Medium User","11.5"
"30","Medium User","11.5"
"743","Medium User","11.5"
"385","Medium User","11.5"
"1221","Medium User","11.5"
"742","Medium User","11.5"
"1464","Medium User","11.5"
"15","Medium User","11.5"
"358","Medium User","11.5"
"1953","Medium User","11.5"
"1834","Medium User","11.5"
"1683","Medium User","11.5"
"50","Medium User","11.5"
"1569","Medium User","11.5"
"1528","Medium User","11.5"
"1616","Medium User","11.5"
"113","Medium User","11.5"
"1761","Medium User","11.5"
"1482","Medium User","11.5"
"979","Medium User","11.5"
"690","Medium User","11.5"
"984","Medium User","11.5"
"1004","Medium User","11.5"
"1209","Medium User","11.5"
"1513","Medium User","11.4"
"660","Medium User","11.4"
"340","Medium User","11.4"
"1748","Medium User","11.4"
"773","Medium User","11.4"
"7","Medium User","11.4"
"1267","Medium User","11.4"
"1811","Medium User","11.4"
"715","Medium User","11.4"
"1814","Medium User","11.4"
"1947","Medium User","11.4"
"659","Medium User","11.4"
"1443","Medium User","11.4"
"916","Medium User","11.4"
"322","Medium User","11.4"
"502","Medium User","11.4"
"1740","Medium User","11.4"
"1423","Medium User","11.4"
"284","Medium User","11.4"
"1753","Medium User","11.4"
"192","Medium User","11.4"
"1343","Medium User","11.4"
"1986","Medium User","11.4"
"853","Medium User","11.4"
"648","Medium User","11.4"
"180","Medium User","11.3"
"1473","Medium User","11.3"
"767","Medium User","11.3"
"251","Medium User","11.3"
"663","Medium User","11.3"
"1977","Medium User","11.3"
"22","Medium User","11.3"
"1762","Medium User","11.3"
"1867","Medium User","11.3"
"1181","Medium User","11.3"
"1266","Medium User","11.3"
"906","Medium User","11.3"
"623","Medium User","11.3"
"1846","Medium User","11.3"
"624","Medium User","11.3"
"240","Medium User","11.3"
"1363","Medium User","11.3"
"1976","Medium User","11.3"
"1452","Medium User","11.3"
"1203","Medium User","11.3"
"65","Medium User","11.3"
"1588","Medium User","11.3"
"1664","Medium User","11.3"
"728","Medium User","11.3"
"1381","Medium User","11.3"
"1126","Medium User","11.3"
"1340","Medium User","11.3"
"397","Medium User","11.2"
"649","Medium User","11.2"
"1518","Medium User","11.2"
"582","Medium User","11.2"
"475","Medium User","11.2"
"1090","Medium User","11.2"
"1673","Medium User","11.2"
"1658","Medium User","11.2"
"1878","Medium User","11.2"
"1691","Medium User","11.2"
"1091","Medium User","11.2"
"1758","Medium User","11.2"
"355","Medium User","11.2"
"1075","Medium User","11.2"
"1194","Medium User","11.2"
"1258","Medium User","11.2"
"64","Medium User","11.2"
"633","Medium User","11.2"
"1076","Medium User","11.2"
"43","Medium User","11.2"
"156","Medium User","11.2"
"512","Medium User","11.2"
"647","Medium User","11.2"
"1434","Medium User","11.2"
"257","Medium User","11.2"
"689","Medium User","11.2"
"1911","Medium User","11.2"
"68","Medium User","11.2"
"1618","Medium User","11.2"
"575","Medium User","11.2"
"246","Medium User","11.2"
"1152","Medium User","11.2"
"614","Medium User","11.2"
"31","Medium User","11.1"
"316","Medium User","11.1"
"1494","Medium User","11.1"
"1001","Medium User","11.1"
"1852","Medium User","11.1"
"859","Medium User","11.1"
"557","Medium User","11.1"
"1252","Medium User","11.1"
"1318","Medium User","11.1"
"1880","Medium User","11.1"
"701","Medium User","11.1"
"1270","Medium User","11.1"
"858","Medium User","11.1"
"652","Medium User","11.1"
"1807","Medium User","11.1"
"545","Medium User","11.1"
"339","Medium User","11.1"
"548","Medium User","11.1"
"629","Medium User","11.1"
"431","Medium User","11.1"
"245","Medium User","11.1"
"1573","Medium User","11.1"
"1979","Medium User","11.1"
"1886","Medium User","11.1"
"596","Medium User","11.1"
"1161","Medium User","11.1"
"1605","Medium User","11.0"
"1297","Medium User","11.0"
"1202","Medium User","11.0"
"290","Medium User","11.0"
"905","Medium User","11.0"
"92","Medium User","11.0"
"1111","Medium User","11.0"
"592","Medium User","11.0"
"267","Medium User","11.0"
"542","Medium User","11.0"
"234","Medium User","11.0"
"435","Medium User","11.0"
"1526","Medium User","11.0"
"1815","Medium User","11.0"
"798","Medium User","11.0"
"6","Medium User","11.0"
"983","Medium User","11.0"
"105","Medium User","11.0"
"1485","Medium User","11.0"
"1782","Medium User","11.0"
"1764","Medium User","11.0"
"160","Medium User","11.0"
"1749","Medium User","11.0"
"365","Medium User","11.0"
"1942","Medium User","11.0"
"1584","Medium User","11.0"
"477","Medium User","11.0"
"800","Medium User","11.0"
"3","Medium User","11.0"
"1985","Medium User","11.0"
"1278","Medium User","11.0"
"620","Medium User","11.0"
"1166","Medium User","11.0"
"391","Medium User","11.0"
"941","Medium User","11.0"
"485","Medium User","11.0"
"1672","Medium User","11.0"
"1410","Medium User","11.0"
"556","Medium User","11.0"
"1085","Medium User","10.9"
"1431","Medium User","10.9"
"60","Medium User","10.9"
"41","Medium User","10.9"
"1157","Medium User","10.9"
"311","Medium User","10.9"
"434","Medium User","10.9"
"420","Medium User","10.9"
"396","Medium User","10.9"
"281","Medium User","10.9"
"162","Medium User","10.9"
"466","Medium User","10.9"
"178","Medium User","10.9"
"221","Medium User","10.9"
"1133","Medium User","10.9"
"568","Medium User","10.9"
"1926","Medium User","10.9"
"861","Medium User","10.9"
"342","Medium User","10.9"
"594","Medium User","10.9"
"1031","Medium User","10.9"
"277","Medium User","10.9"
"1894","Medium User","10.9"
"1812","Medium User","10.9"
"1854","Medium User","10.9"
"865","Medium User","10.8"
"293","Medium User","10.8"
"1338","Medium User","10.8"
"1170","Medium User","10.8"
"16","Medium User","10.8"
"1960","Medium User","10.8"
"1058","Medium User","10.8"
"1293","Medium User","10.8"
"812","Medium User","10.8"
"1840","Medium User","10.8"
"1400","Medium User","10.8"
"997","Medium User","10.8"
"1151","Medium User","10.8"
"988","Medium User","10.8"
"1647","Medium User","10.8"
"840","Medium User","10.8"
"154","Medium User","10.8"
"1356","Medium User","10.8"
"694","Medium User","10.8"
"242","Medium User","10.8"
"1896","Medium User","10.8"
"1262","Medium User","10.8"
"495","Medium User","10.8"
"1424","Medium User","10.8"
"1853","Medium User","10.8"
"838","Medium User","10.8"
"1582","Medium User","10.8"
"401","Medium User","10.8"
"1862","Medium User","10.8"
"289","Medium User","10.8"
"326","Medium User","10.8"
"571","Medium User","10.8"
"1067","Medium User","10.8"
"537","Medium User","10.8"
"1027","Medium User","10.7"
"1226","Medium User","10.7"
"1540","Medium User","10.7"
"782","Medium User","10.7"
"1991","Medium User","10.7"
"1264","Medium User","10.7"
"1632","Medium User","10.7"
"1970","Medium User","10.7"
"269","Medium User","10.7"
"1950","Medium User","10.7"
"671","Medium User","10.7"
"1219","Medium User","10.7"
"1053","Medium User","10.7"
"1784","Medium User","10.7"
"1475","Medium User","10.7"
"1388","Medium User","10.7"
"142","Medium User","10.7"
"816","Medium User","10.7"
"1859","Medium User","10.7"
"482","Medium User","10.6"
"1541","Medium User","10.6"
"1659","Medium User","10.6"
"621","Medium User","10.6"
"12","Medium User","10.6"
"948","Medium User","10.6"
"279","Medium User","10.6"
"1486","Medium User","10.6"
"1002","Medium User","10.6"
"76","Medium User","10.6"
"1257","Medium User","10.6"
"388","Medium User","10.6"
"1731","Medium User","10.6"
"1238","Medium User","10.6"
"793","Medium User","10.6"
"1089","Medium User","10.6"
"273","Medium User","10.6"
"461","Medium User","10.6"
"297","Medium User","10.6"
"985","Medium User","10.6"
"1180","Medium User","10.6"
"220","Medium User","10.6"
"1863","Medium User","10.6"
"664","Medium User","10.6"
"1122","Medium User","10.6"
"1576","Medium User","10.6"
"1414","Medium User","10.6"
"1142","Medium User","10.6"
"329","Medium User","10.6"
"1793","Medium User","10.6"
"1489","Medium User","10.6"
"1553","Medium User","10.6"
"1183","Medium User","10.6"
"1247","Medium User","10.6"
"1561","Medium User","10.6"
"786","Medium User","10.6"
"1592","Medium User","10.5"
"1851","Medium User","10.5"
"1677","Medium User","10.5"
"567","Medium User","10.5"
"1189","Medium User","10.5"
"378","Medium User","10.5"
"34","Medium User","10.5"
"1537","Medium User","10.5"
"702","Medium User","10.5"
"1349","Medium User","10.5"
"1602","Medium User","10.5"
"1371","Medium User","10.5"
"950","Medium User","10.5"
"1629","Medium User","10.5"
"1487","Medium User","10.5"
"813","Medium User","10.5"
"172","Medium User","10.5"
"1308","Medium User","10.5"
"860","Medium User","10.5"
"569","Medium User","10.5"
"1839","Medium User","10.5"
"1113","Medium User","10.5"
"1623","Medium User","10.5"
"335","Medium User","10.5"
"1945","Medium User","10.5"
"1324","Medium User","10.5"
"576","Medium User","10.5"
"1480","Medium User","10.5"
"697","Medium User","10.5"
"524","Medium User","10.4"
"921","Medium User","10.4"
"1595","Medium User","10.4"
"973","Medium User","10.4"
"612","Medium User","10.4"
"993","Medium User","10.4"
"1360","Medium User","10.4"
"646","Medium User","10.4"
"676","Medium User","10.4"
"380","Medium User","10.4"
"1110","Medium User","10.4"
"1847","Medium User","10.4"
"595","Medium User","10.4"
"1064","Medium User","10.4"
"1114","Medium User","10.4"
"935","Medium User","10.4"
"1535","Medium User","10.4"
"805","Medium User","10.4"
"334","Medium User","10.4"
"913","Medium User","10.4"
"885","Medium User","10.4"
"139","Medium User","10.4"
"1019","Medium User","10.4"
"1933","Medium User","10.4"
"1439","Medium User","10.4"
"1021","Medium User","10.4"
"1527","Medium User","10.4"
"1895","Medium User","10.4"
"978","Medium User","10.4"
"960","Medium User","10.4"
"666","Medium User","10.4"
"1193","Medium User","10.4"
"1829","Medium User","10.4"
"952","Medium User","10.4"
"1335","Medium User","10.4"
"1643","Medium User","10.4"
"1236","Medium User","10.4"
"1901","Medium User","10.4"
"1298","Medium User","10.3"
"1624","Medium User","10.3"
"456","Medium User","10.3"
"588","Medium User","10.3"
"795","Medium User","10.3"
"1422","Medium User","10.3"
"747","Medium User","10.3"
"227","Medium User","10.3"
"1127","Medium User","10.3"
"552","Medium User","10.3"
"44","Medium User","10.3"
"675","Medium User","10.3"
"1319","Medium User","10.3"
"849","Medium User","10.3"
"1904","Medium User","10.3"
"686","Medium User","10.3"
"741","Medium User","10.3"
"1375","Medium User","10.3"
"1366","Medium User","10.3"
"201","Medium User","10.3"
"404","Medium User","10.3"
"1256","Medium User","10.3"
"1314","Medium User","10.3"
"1313","Medium User","10.3"
"866","Medium User","10.3"
"736","Medium User","10.3"
"1657","Medium User","10.3"
"1679","Medium User","10.3"
"214","Medium User","10.3"
"259","Medium User","10.3"
"601","Medium User","10.3"
"771","Medium User","10.3"
"1686","Medium User","10.3"
"589","Medium User","10.3"
"1095","Medium User","10.3"
"846","Medium User","10.3"
"1397","Medium User","10.3"
"725","Medium User","10.2"
"1217","Medium User","10.2"
"1437","Medium User","10.2"
"168","Medium User","10.2"
"130","Medium User","10.2"
"688","Medium User","10.2"
"1389","Medium User","10.2"
"1766","Medium User","10.2"
"1169","Medium User","10.2"
"1323","Medium User","10.2"
"235","Medium User","10.2"
"1676","Medium User","10.2"
"1668","Medium User","10.2"
"1797","Medium User","10.2"
"1998","Medium User","10.2"
"631","Medium User","10.2"
"1965","Medium User","10.2"
"1887","Medium User","10.2"
"1581","Medium User","10.2"
"499","Medium User","10.2"
"703","Medium User","10.2"
"174","Medium User","10.2"
"1016","Medium User","10.2"
"500","Medium User","10.2"
"1545","Medium User","10.2"
"574","Medium User","10.2"
"907","Medium User","10.2"
"18","Medium User","10.2"
"369","Medium User","10.1"
"1281","Medium User","10.1"
"433","Medium User","10.1"
"974","Medium User","10.1"
"128","Medium User","10.1"
"1481","Medium User","10.1"
"658","Medium User","10.1"
"145","Medium User","10.1"
"1963","Medium User","10.1"
"478","Medium User","10.1"
"1022","Medium User","10.1"
"996","Medium User","10.1"
"819","Medium User","10.1"
"1661","Medium User","10.1"
"125","Medium User","10.1"
"705","Medium User","10.1"
"508","Medium User","10.1"
"1056","Medium User","10.1"
"1746","Medium User","10.1"
"1229","Medium User","10.1"
"1742","Medium User","10.1"
"684","Medium User","10.1"
"959","Medium User","10.1"
"469","Medium User","10.1"
"1374","Medium User","10.1"
"1148","Medium User","10.1"
"445","Medium User","10.1"
"1696","Medium User","10.1"
"275","Medium User","10.1"
"938","Medium User","10.1"
"1069","Medium User","10.1"
"1441","Medium User","10.1"
"1780","Medium User","10.1"
"367","Medium User","10.1"
"593","Medium User","10.1"
"1717","Medium User","10.1"
"163","Light User","10.0"
"296","Light User","10.0"
"1007","Medium User","10.0"
"1765","Medium User","10.0"
"788","Medium User","10.0"
"452","Light User","10.0"
"454","Light User","10.0"
"2","Light User","10.0"
"761","Medium User","10.0"
"118","Medium User","10.0"
"1394","Medium User","10.0"
"323","Light User","10.0"
"831","Medium User","10.0"
"626","Medium User","10.0"
"1959","Light User","10.0"
"1259","Light User","10.0"
"458","Medium User","10.0"
"392","Medium User","10.0"
"390","Light User","10.0"
"1767","Light User","10.0"
"1809","Medium User","10.0"
"930","Medium User","10.0"
"1011","Medium User","10.0"
"1246","Medium User","10.0"
"308","Light User","10.0"
"1729","Medium User","10.0"
"1533","Medium User","10.0"
"126","Light User","10.0"
"1508","Light User","10.0"
"1662","Light User","10.0"
"824","Light User","10.0"
"264","Light User","9.9"
"1460","Light User","9.9"
"894","Light User","9.9"
"1555","Light User","9.9"
"1402","Light User","9.9"
"1379","Light User","9.9"
"1357","Light User","9.9"
"1883","Light User","9.9"
"900","Light User","9.9"
"1756","Light User","9.9"
"1675","Light User","9.9"
"73","Light User","9.9"
"1102","Light User","9.9"
"54","Light User","9.9"
"1175","Light User","9.9"
"448","Light User","9.9"
"1987","Light User","9.9"
"1421","Light User","9.9"
"841","Light User","9.9"
"534","Light User","9.9"
"33","Light User","9.9"
"1795","Light User","9.9"
"734","Light User","9.9"
"436","Light User","9.9"
"541","Light User","9.9"
"153","Light User","9.9"
"1531","Light User","9.9"
"481","Light User","9.9"
"1290","Light User","9.9"
"583","Light User","9.9"
"1964","Light User","9.9"
"1372","Light User","9.9"
"890","Light User","9.9"
"1419","Light User","9.9"
"627","Light User","9.9"
"274","Light User","9.9"
"45","Light User","9.9"
"1826","Light User","9.9"
"143","Light User","9.9"
"687","Light User","9.9"
"1639","Light User","9.9"
"535","Light User","9.8"
"908","Light User","9.8"
"1843","Light User","9.8"
"1890","Light User","9.8"
"1050","Light User","9.8"
"265","Light User","9.8"
"1344","Light User","9.8"
"1557","Light User","9.8"
"1636","Light User","9.8"
"528","Light User","9.8"
"1428","Light User","9.8"
"1551","Light User","9.8"
"1869","Light User","9.8"
"1184","Light User","9.8"
"416","Light User","9.8"
"732","Light User","9.8"
"522","Light User","9.8"
"559","Light User","9.8"
"850","Light User","9.8"
"1892","Light User","9.8"
"1003","Light User","9.8"
"1760","Light User","9.8"
"963","Light User","9.8"
"1284","Light User","9.8"
"1554","Light User","9.8"
"59","Light User","9.8"
"1068","Light User","9.8"
"134","Light User","9.8"
"818","Light User","9.8"
"804","Light User","9.8"
"1382","Light User","9.8"
"1689","Light User","9.8"
"934","Light User","9.8"
"922","Light User","9.8"
"1680","Light User","9.8"
"1470","Light User","9.8"
"446","Light User","9.8"
"931","Light User","9.8"
"928","Light User","9.7"
"1617","Light User","9.7"
"1351","Light User","9.7"
"132","Light User","9.7"
"1560","Light User","9.7"
"1020","Light User","9.7"
"1635","Light User","9.7"
"483","Light User","9.7"
"1644","Light User","9.7"
"1928","Light User","9.7"
"1732","Light User","9.7"
"892","Light User","9.7"
"618","Light User","9.7"
"450","Light User","9.7"
"1096","Light User","9.7"
"634","Light User","9.7"
"1115","Light User","9.7"
"1250","Light User","9.7"
"1328","Light User","9.7"
"1650","Light User","9.7"
"1294","Light User","9.7"
"1877","Light User","9.7"
"185","Light User","9.7"
"383","Light User","9.7"
"518","Light User","9.7"
"1334","Light User","9.7"
"203","Light User","9.7"
"1289","Light User","9.7"
"1168","Light User","9.7"
"1924","Light User","9.7"
"949","Light User","9.7"
"248","Light User","9.7"
"1788","Light User","9.7"
"1242","Light User","9.7"
"377","Light User","9.7"
"1385","Light User","9.7"
"1919","Light User","9.7"
"845","Light User","9.7"
"1190","Light User","9.7"
"405","Light User","9.6"
"338","Light User","9.6"
"1975","Light User","9.6"
"946","Light User","9.6"
"473","Light User","9.6"
"1059","Light User","9.6"
"75","Light User","9.6"
"1241","Light User","9.6"
"158","Light User","9.6"
"205","Light User","9.6"
"1353","Light User","9.6"
"1601","Light User","9.6"
"1918","Light User","9.6"
"400","Light User","9.6"
"1080","Light User","9.6"
"1403","Light User","9.6"
"344","Light User","9.6"
"561","Light User","9.6"
"1830","Light User","9.6"
"1399","Light User","9.6"
"1688","Light User","9.6"
"1638","Light User","9.6"
"1392","Light User","9.6"
"927","Light User","9.5"
"102","Light User","9.5"
"1292","Light User","9.5"
"57","Light User","9.5"
"864","Light User","9.5"
"1655","Light User","9.5"
"1708","Light User","9.5"
"457","Light User","9.5"
"1915","Light User","9.5"
"1263","Light User","9.5"
"1909","Light User","9.5"
"855","Light User","9.5"
"1546","Light User","9.5"
"187","Light User","9.5"
"1597","Light User","9.5"
"348","Light User","9.5"
"1810","Light User","9.5"
"1167","Light User","9.5"
"363","Light User","9.5"
"447","Light User","9.5"
"1164","Light User","9.5"
"1984","Light User","9.5"
"1396","Light User","9.5"
"1038","Light User","9.5"
"936","Light User","9.5"
"360","Light User","9.5"
"1446","Light User","9.5"
"1130","Light User","9.5"
"310","Light User","9.5"
"915","Light User","9.5"
"1025","Light User","9.5"
"823","Light User","9.5"
"121","Light User","9.5"
"1362","Light User","9.5"
"610","Light User","9.5"
"961","Light User","9.5"
"1568","Light User","9.4"
"1274","Light User","9.4"
"1719","Light User","9.4"
"250","Light User","9.4"
"260","Light User","9.4"
"1418","Light User","9.4"
"412","Light User","9.4"
"1118","Light User","9.4"
"924","Light User","9.4"
"1411","Light User","9.4"
"1413","Light User","9.4"
"1048","Light User","9.4"
"875","Light User","9.4"
"270","Light User","9.4"
"1037","Light User","9.4"
"1248","Light User","9.4"
"1070","Light User","9.4"
"1656","Light User","9.4"
"856","Light User","9.4"
"573","Light User","9.4"
"1874","Light User","9.4"
"616","Light User","9.4"
"1589","Light User","9.4"
"911","Light User","9.4"
"11","Light User","9.4"
"757","Light User","9.4"
"1450","Light User","9.4"
"492","Light User","9.4"
"1254","Light User","9.4"
"1461","Light User","9.4"
"1651","Light User","9.4"
"1097","Light User","9.4"
"867","Light User","9.3"
"1912","Light User","9.3"
"503","Light User","9.3"
"1045","Light User","9.3"
"586","Light User","9.3"
"565","Light User","9.3"
"1348","Light User","9.3"
"1456","Light User","9.3"
"152","Light User","9.3"
"1054","Light User","9.3"
"1665","Light User","9.3"
"1818","Light User","9.3"
"532","Light User","9.3"
"1599","Light User","9.3"
"501","Light User","9.3"
"718","Light User","9.3"
"1898","Light User","9.3"
"796","Light User","9.3"
"801","Light User","9.3"
"945","Light User","9.3"
"1778","Light User","9.3"
"509","Light User","9.3"
"1049","Light User","9.3"
"1983","Light User","9.3"
"440","Light User","9.3"
"417","Light User","9.3"
"1737","Light User","9.3"
"229","Light User","9.3"
"424","Light User","9.2"
"119","Light User","9.2"
"239","Light User","9.2"
"1725","Light User","9.2"
"1552","Light User","9.2"
"1932","Light User","9.2"
"327","Light User","9.2"
"507","Light User","9.2"
"1522","Light User","9.2"
"1888","Light User","9.2"
"301","Light User","9.2"
"1562","Light User","9.2"
"155","Light User","9.2"
"294","Light User","9.2"
"862","Light User","9.2"
"756","Light User","9.2"
"806","Light User","9.2"
"1440","Light User","9.2"
"1856","Light User","9.2"
"1149","Light User","9.2"
"558","Light User","9.2"
"1329","Light User","9.2"
"539","Light User","9.2"
"628","Light User","9.2"
"1627","Light User","9.2"
"1633","Light User","9.2"
"871","Light User","9.2"
"1098","Light User","9.2"
"443","Light User","9.2"
"1813","Light User","9.2"
"144","Light User","9.1"
"847","Light User","9.1"
"1156","Light User","9.1"
"58","Light User","9.1"
"1974","Light User","9.1"
"1301","Light User","9.1"
"1577","Light User","9.1"
"112","Light User","9.1"
"1678","Light User","9.1"
"211","Light User","9.1"
"1466","Light User","9.1"
"1104","Light User","9.1"
"136","Light User","9.1"
"625","Light User","9.1"
"399","Light User","9.1"
"328","Light User","9.1"
"1457","Light User","9.1"
"321","Light User","9.1"
"1212","Light User","9.1"
"1497","Light User","9.1"
"120","Light User","9.1"
"140","Light User","9.1"
"1798","Light User","9.1"
"55","Light User","9.1"
"1564","Light User","9.1"
"999","Light User","9.1"
"1621","Light User","9.1"
"835","Light User","9.1"
"1990","Light User","9.1"
"531","Light User","9.1"
"332","Light User","9.0"
"1857","Light User","9.0"
"1047","Light User","9.0"
"986","Light User","9.0"
"364","Light User","9.0"
"1514","Light User","9.0"
"1010","Light User","9.0"
"546","Light User","9.0"
"459","Light User","9.0"
"1539","Light User","9.0"
"1370","Light User","9.0"
"1380","Light User","9.0"
"635","Light User","9.0"
"1216","Light User","9.0"
"590","Light User","9.0"
"287","Light User","9.0"
"1566","Light User","9.0"
"138","Light User","8.9"
"560","Light User","8.9"
"530","Light User","8.9"
"32","Light User","8.9"
"374","Light User","8.9"
"615","Light User","8.9"
"1463","Light User","8.9"
"655","Light User","8.9"
"1034","Light User","8.9"
"1783","Light User","8.9"
"1295","Light User","8.9"
"1587","Light User","8.9"
"1879","Light User","8.9"
"644","Light User","8.9"
"713","Light User","8.9"
"1035","Light User","8.9"
"656","Light User","8.9"
"103","Light User","8.9"
"1062","Light User","8.9"
"1369","Light User","8.9"
"1549","Light User","8.9"
"1373","Light User","8.9"
"1288","Light User","8.9"
"1092","Light User","8.9"
"872","Light User","8.9"
"1824","Light User","8.9"
"225","Light User","8.9"
"1521","Light User","8.9"
"371","Light User","8.8"
"727","Light User","8.8"
"870","Light User","8.8"
"319","Light User","8.8"
"1570","Light User","8.8"
"1925","Light User","8.8"
"4","Light User","8.8"
"1741","Light User","8.8"
"1608","Light User","8.8"
"1341","Light User","8.8"
"844","Light User","8.8"
"21","Light User","8.8"
"881","Light User","8.8"
"93","Light User","8.8"
"526","Light User","8.8"
"1057","Light User","8.8"
"1040","Light User","8.8"
"1138","Light User","8.8"
"889","Light User","8.8"
"981","Light User","8.8"
"359","Light User","8.8"
"253","Light User","8.8"
"189","Light User","8.8"
"27","Light User","8.8"
"1178","Light User","8.8"
"1311","Light User","8.8"
"69","Light User","8.8"
"758","Light User","8.8"
"912","Light User","8.7"
"376","Light User","8.7"
"479","Light User","8.7"
"1337","Light User","8.7"
"1078","Light User","8.7"
"606","Light User","8.7"
"135","Light User","8.7"
"36","Light User","8.7"
"1574","Light User","8.7"
"643","Light User","8.7"
"1315","Light User","8.7"
"1530","Light User","8.7"
"657","Light User","8.7"
"1709","Light User","8.7"
"324","Light User","8.7"
"218","Light User","8.7"
"740","Light User","8.7"
"511","Light User","8.7"
"1763","Light User","8.7"
"792","Light User","8.7"
"553","Light User","8.7"
"1084","Light User","8.7"
"1905","Light User","8.7"
"333","Light User","8.7"
"261","Light User","8.7"
"1786","Light User","8.7"
"1999","Light User","8.7"
"780","Light User","8.7"
"977","Light User","8.7"
"1907","Light User","8.7"
"1317","Light User","8.7"
"1445","Light User","8.7"
"1916","Light User","8.7"
"471","Light User","8.6"
"2000","Light User","8.6"
"751","Light User","8.6"
"1272","Light User","8.6"
"1106","Light User","8.6"
"106","Light User","8.6"
"40","Light User","8.6"
"1013","Light User","8.6"
"1790","Light User","8.6"
"1101","Light User","8.6"
"1515","Light User","8.6"
"745","Light User","8.6"
"662","Light User","8.6"
"1014","Light User","8.6"
"1123","Light User","8.6"
"80","Light User","8.6"
"1495","Light User","8.6"
"1663","Light User","8.6"
"1205","Light User","8.6"
"1083","Light User","8.6"
"762","Light User","8.6"
"1117","Light User","8.5"
"580","Light User","8.5"
"1825","Light User","8.5"
"1368","Light User","8.5"
"944","Light User","8.5"
"1543","Light User","8.5"
"298","Light User","8.5"
"735","Light User","8.5"
"1387","Light User","8.5"
"572","Light User","8.5"
"207","Light User","8.5"
"1858","Light User","8.5"
"1286","Light User","8.5"
"1063","Light User","8.5"
"868","Light User","8.5"
"84","Light User","8.5"
"252","Light User","8.5"
"1670","Light User","8.5"
"1776","Light User","8.5"
"869","Light User","8.5"
"955","Light User","8.5"
"991","Light User","8.5"
"1451","Light User","8.5"
"1474","Light User","8.5"
"1185","Light User","8.5"
"1253","Light User","8.5"
"910","Light User","8.5"
"1398","Light User","8.5"
"1738","Light User","8.5"
"1043","Light User","8.4"
"852","Light User","8.4"
"1116","Light User","8.4"
"802","Light User","8.4"
"619","Light User","8.4"
"536","Light User","8.4"
"346","Light User","8.4"
"1223","Light User","8.4"
"677","Light User","8.4"
"183","Light User","8.4"
"964","Light User","8.4"
"1023","Light User","8.4"
"1196","Light User","8.4"
"1345","Light User","8.4"
"1716","Light User","8.4"
"765","Light User","8.4"
"891","Light User","8.4"
"708","Light User","8.4"
"1849","Light User","8.4"
"1162","Light User","8.4"
"303","Light User","8.4"
"551","Light User","8.4"
"1891","Light User","8.3"
"292","Light User","8.3"
"1611","Light User","8.3"
"914","Light User","8.3"
"1978","Light User","8.3"
"669","Light User","8.3"
"1586","Light User","8.3"
"1723","Light User","8.3"
"879","Light User","8.3"
"1087","Light User","8.3"
"356","Light User","8.3"
"706","Light User","8.3"
"307","Light User","8.3"
"171","Light User","8.3"
"611","Light User","8.3"
"1135","Light User","8.3"
"1707","Light User","8.3"
"799","Light User","8.3"
"1444","Light User","8.3"
"164","Light User","8.3"
"283","Light User","8.3"
"1173","Light User","8.2"
"441","Light User","8.2"
"937","Light User","8.2"
"1706","Light User","8.2"
"1493","Light User","8.2"
"87","Light User","8.2"
"1265","Light User","8.2"
"53","Light User","8.2"
"1754","Light User","8.2"
"1342","Light User","8.2"
"1322","Light User","8.2"
"1906","Light User","8.2"
"373","Light User","8.2"
"1837","Light User","8.2"
"738","Light User","8.2"
"1455","Light User","8.1"
"300","Light User","8.1"
"197","Light User","8.1"
"957","Light User","8.1"
"722","Light User","8.1"
"843","Light User","8.1"
"444","Light User","8.1"
"1614","Light User","8.1"
"184","Light User","8.1"
"1988","Light User","8.1"
"208","Light User","8.1"
"828","Light User","8.1"
"1339","Light User","8.1"
"1296","Light User","8.1"
"724","Light User","8.1"
"1099","Light User","8.1"
"1506","Light User","8.1"
"353","Light User","8.1"
"213","Light User","8.1"
"607","Light User","8.1"
"167","Light User","8.1"
"428","Light User","8.1"
"1051","Light User","8.1"
"13","Light User","8.1"
"361","Light User","8.1"
"1232","Light User","8.1"
"1939","Light User","8.1"
"104","Light User","8.0"
"893","Light User","8.0"
"379","Light User","8.0"
"1355","Light User","8.0"
"966","Light User","8.0"
"1613","Light User","8.0"
"1966","Light User","8.0"
"421","Light User","8.0"
"1785","Light User","8.0"
"514","Light User","8.0"
"1724","Light User","8.0"
"1347","Light User","8.0"
"884","Light User","8.0"
"1720","Light User","8.0"
"1103","Light User","8.0"
"467","Light User","8.0"
"1330","Light User","8.0"
"194","Light User","8.0"
"1484","Light User","8.0"
"1409","Light User","8.0"
"117","Light User","8.0"
"692","Light User","8.0"
"470","Light User","8.0"
"1727","Light User","7.9"
"570","Light User","7.9"
"709","Light User","7.9"
"1642","Light User","7.9"
"1082","Light User","7.9"
"1726","Light User","7.9"
"474","Light User","7.9"
"790","Light User","7.9"
"777","Light User","7.9"
"768","Light User","7.9"
"190","Light User","7.9"
"815","Light User","7.9"
"1055","Light User","7.9"
"83","Light User","7.9"
"854","Light User","7.9"
"555","Light User","7.9"
"951","Light User","7.9"
"426","Light User","7.9"
"1868","Light User","7.9"
"1430","Light User","7.9"
"1580","Light User","7.8"
"1147","Light User","7.8"
"1870","Light User","7.8"
"1006","Light User","7.8"
"1961","Light User","7.8"
"830","Light User","7.8"
"883","Light User","7.8"
"1752","Light User","7.8"
"1972","Light User","7.8"
"956","Light User","7.8"
"146","Light User","7.8"
"493","Light User","7.8"
"393","Light User","7.7"
"147","Light User","7.7"
"1908","Light User","7.7"
"1220","Light User","7.7"
"1408","Light User","7.7"
"410","Light User","7.7"
"918","Light User","7.7"
"877","Light User","7.7"
"1472","Light User","7.7"
"1884","Light User","7.7"
"533","Light User","7.7"
"1801","Light User","7.7"
"554","Light User","7.7"
"578","Light User","7.7"
"1684","Light User","7.7"
"1841","Light User","7.7"
"1100","Light User","7.7"
"821","Light User","7.7"
"166","Light User","7.6"
"1600","Light User","7.6"
"739","Light User","7.6"
"494","Light User","7.6"
"198","Light User","7.6"
"807","Light User","7.6"
"1590","Light User","7.6"
"1948","Light User","7.6"
"1876","Light User","7.6"
"811","Light User","7.6"
"77","Light User","7.6"
"91","Light User","7.6"
"1191","Light User","7.5"
"408","Light User","7.5"
"476","Light User","7.5"
"1012","Light User","7.5"
"28","Light User","7.5"
"1204","Light User","7.5"
"909","Light User","7.5"
"1649","Light User","7.5"
"1787","Light User","7.5"
"62","Light User","7.5"
"1872","Light User","7.4"
"665","Light User","7.4"
"1163","Light User","7.4"
"1510","Light User","7.4"
"1425","Light User","7.4"
"1875","Light User","7.4"
"1844","Light User","7.4"
"544","Light User","7.4"
"1711","Light User","7.4"
"212","Light User","7.3"
"1358","Light User","7.3"
"1024","Light User","7.3"
"1336","Light User","7.3"
"439","Light User","7.3"
"825","Light User","7.3"
"79","Light User","7.3"
"1112","Light User","7.3"
"1968","Light User","7.3"
"1547","Light User","7.3"
"1376","Light User","7.3"
"710","Light User","7.3"
"1736","Light User","7.2"
"302","Light User","7.2"
"1936","Light User","7.2"
"1302","Light User","7.2"
"81","Light User","7.2"
"1817","Light User","7.2"
"550","Light User","7.2"
"789","Light User","7.2"
"354","Light User","7.2"
"263","Light User","7.2"
"1910","Light User","7.2"
"1215","Light User","7.2"
"1243","Light User","7.2"
"209","Light User","7.2"
"1406","Light User","7.2"
"315","Light User","7.2"
"1943","Light User","7.2"
"23","Light User","7.2"
"1153","Light User","7.2"
"1277","Light User","7.2"
"1192","Light User","7.2"
"1291","Light User","7.2"
"1395","Light User","7.1"
"1845","Light User","7.1"
"1144","Light User","7.1"
"925","Light User","7.1"
"97","Light User","7.1"
"639","Light User","7.1"
"232","Light User","7.1"
"1609","Light User","7.1"
"980","Light User","7.1"
"1251","Light User","7.1"
"1931","Light User","7.1"
"714","Light User","7.1"
"109","Light User","7.1"
"1804","Light User","7.1"
"256","Light User","7.1"
"230","Light User","7.1"
"1954","Light User","7.0"
"437","Light User","7.0"
"1300","Light User","7.0"
"141","Light User","7.0"
"1833","Light User","7.0"
"1143","Light User","7.0"
"848","Light User","7.0"
"832","Light User","7.0"
"1200","Light User","7.0"
"200","Light User","7.0"
"47","Light User","7.0"
"1287","Light User","7.0"
"1283","Light User","7.0"
"1529","Light User","7.0"
"962","Light User","6.9"
"1230","Light User","6.9"
"632","Light User","6.9"
"880","Light User","6.9"
"1803","Light User","6.9"
"1625","Light User","6.9"
"1155","Light User","6.9"
"953","Light User","6.9"
"1897","Light User","6.9"
"965","Light User","6.9"
"1836","Light User","6.9"
"1832","Light User","6.9"
"1523","Light User","6.9"
"695","Light User","6.9"
"1383","Light User","6.9"
"1893","Light User","6.8"
"1930","Light User","6.8"
"513","Light User","6.8"
"1583","Light User","6.8"
"1509","Light User","6.8"
"1630","Light User","6.8"
"744","Light User","6.8"
"763","Light User","6.8"
"505","Light User","6.8"
"1186","Light User","6.8"
"989","Light User","6.8"
"1641","Light User","6.8"
"903","Light User","6.8"
"598","Light User","6.8"
"1946","Light User","6.8"
"923","Light User","6.7"
"56","Light User","6.7"
"1","Light User","6.7"
"413","Light User","6.7"
"752","Light User","6.7"
"1827","Light User","6.7"
"994","Light User","6.7"
"1556","Light User","6.7"
"1154","Light User","6.7"
"1030","Light User","6.7"
"1922","Light User","6.7"
"1244","Light User","6.7"
"1435","Light User","6.6"
"195","Light User","6.6"
"51","Light User","6.6"
"1604","Light User","6.6"
"1973","Light User","6.6"
"1276","Light User","6.6"
"919","Light User","6.6"
"797","Light User","6.6"
"809","Light User","6.6"
"836","Light User","6.6"
"750","Light User","6.6"
"1032","Light User","6.6"
"1269","Light User","6.6"
"1779","Light User","6.5"
"917","Light User","6.5"
"254","Light User","6.5"
"1903","Light User","6.5"
"1571","Light User","6.5"
"122","Light User","6.5"
"939","Light User","6.5"
"1407","Light User","6.4"
"1739","Light User","6.4"
"243","Light User","6.4"
"449","Light User","6.4"
"517","Light User","6.4"
"1218","Light User","6.4"
"1159","Light User","6.4"
"1730","Light User","6.4"
"233","Light User","6.4"
"691","Light User","6.3"
"1997","Light User","6.3"
"683","Light User","6.3"
"992","Light User","6.3"
"491","Light User","6.3"
"1958","Light User","6.2"
"151","Light User","6.2"
"415","Light User","6.2"
"210","Light User","6.2"
"1698","Light User","6.1"
"98","Light User","6.1"
"382","Light User","6.1"
"1201","Light User","6.1"
"839","Light User","6.1"
"887","Light User","6.1"
"1808","Light User","6.1"
"1769","Light User","6.0"
"115","Light User","6.0"
"1073","Light User","6.0"
"920","Light User","6.0"
"529","Light User","6.0"
"667","Light User","5.9"
"1772","Light User","5.9"
"1000","Light User","5.9"
"362","Light User","5.9"
"630","Light User","5.9"
"9","Light User","5.9"
"1715","Light User","5.9"
"423","Light User","5.9"
"1534","Light User","5.9"
"278","Light User","5.9"
"244","Light User","5.8"
"1361","Light User","5.8"
"1231","Light User","5.7"
"1799","Light User","5.7"
"1199","Light User","5.7"
"349","Light User","5.7"
"564","Light User","5.6"
"1094","Light User","5.6"
"1542","Light User","5.5"
"1819","Light User","5.5"
"1735","Light User","5.5"
"672","Light User","5.5"
"258","Light User","5.4"
"96","Light User","5.4"
"1333","Light User","5.4"
"222","Light User","5.4"
"48","Light User","5.3"
"25","Light User","5.3"
"1971","Light User","5.1"
"1393","Light User","5.1"
"899","Light User","5.1"
"318","Light User","5.0"
"1028","Light User","5.0"
"954","Light User","4.9"
"1773","Light User","4.9"
"1459","Light User","4.9"
"874","Light User","4.9"
"1703","Light User","4.8"
"1850","Light User","4.7"
"1550","Light User","4.7"
"1237","Light User","4.6"
"487","Light User","4.5"
"427","Light User","4.5"
"71","Light User","4.5"
"778","Light User","4.4"
"711","Light User","4.2"
"1996","Light User","4.2"
"1026","Light User","4.1"
"72","Light User","4.0"
"394","Light User","4.0"
"1860","Light User","3.8"
"772","Light User","3.8"
"66","Light User","3.7"
"1646","Light User","3.6"
"489","Light User","3.5"
"1802","Light User","3.4"
"968","Light User","3.4"
"720","Light User","3.2"
"1417","Light User","3.0"
"1525","Light User","2.9"
"1462","Light User","2.9"
"617","Light User","2.8"
"895","Light User","2.6"
"1626","Light User","2.4"
"746","Light User","1.9"
