customer_id,monthly_charge,payment_method,total_spend_last_12m
1,105000,Virtual Account,630000
2,75000,AutoPay,450000
3,50000,E-Wallet,600000
4,80000,Virtual Account,800000
5,150000,E-Wallet,1500000
6,90000,AutoPay,1080000
7,50000,Virtual Account,300000
8,75000,Virtual Account,900000
9,120000,E-Wallet,960000
10,50000,AutoPay,400000
11,75000,Credit Card,900000
12,50000,Credit Card,550000
13,50000,AutoPay,400000
14,90000,AutoPay,540000
15,120000,Credit Card,1200000
16,50000,AutoPay,600000
17,50000,Credit Card,550000
18,75000,AutoPay,675000
19,150000,Virtual Account,1050000
20,50000,Virtual Account,550000
21,100000,Credit Card,1200000
22,50000,Virtual Account,400000
23,75000,E-Wallet,750000
24,100000,E-Wallet,700000
25,75000,AutoPay,675000
26,50000,E-Wallet,450000
27,50000,Credit Card,450000
28,50000,AutoPay,400000
29,90000,E-Wallet,1080000
30,65000,Virtual Account,455000
31,120000,E-Wallet,1440000
32,180000,Credit Card,1620000
33,180000,E-Wallet,1620000
34,135000,AutoPay,1350000
35,75000,Credit Card,600000
36,135000,AutoPay,945000
37,50000,Credit Card,350000
38,75000,Virtual Account,525000
39,75000,Credit Card,750000
40,75000,AutoPay,900000
41,145000,AutoPay,1450000
42,50000,AutoPay,600000
43,50000,AutoPay,500000
44,180000,Virtual Account,1620000
45,50000,Credit Card,350000
46,75000,Credit Card,675000
47,195000,Virtual Account,1755000
48,100000,E-Wallet,1100000
49,75000,Virtual Account,450000
50,50000,AutoPay,600000
51,50000,Credit Card,550000
52,120000,Virtual Account,1320000
53,75000,Virtual Account,450000
54,75000,AutoPay,450000
55,50000,Credit Card,600000
56,50000,AutoPay,450000
57,220000,Virtual Account,2640000
58,75000,Virtual Account,750000
59,75000,Virtual Account,825000
60,50000,AutoPay,600000
61,75000,Credit Card,825000
62,180000,AutoPay,1080000
63,75000,E-Wallet,825000
64,50000,Virtual Account,350000
65,100000,AutoPay,700000
66,120000,AutoPay,1200000
67,75000,E-Wallet,600000
68,120000,Virtual Account,1440000
69,75000,E-Wallet,750000
70,135000,Credit Card,810000
71,75000,Credit Card,525000
72,80000,Credit Card,880000
73,75000,E-Wallet,600000
74,75000,AutoPay,450000
75,180000,Virtual Account,1260000
76,120000,Virtual Account,1080000
77,75000,E-Wallet,750000
78,50000,E-Wallet,550000
79,50000,E-Wallet,300000
80,120000,Credit Card,1200000
81,115000,Virtual Account,1380000
82,50000,AutoPay,550000
83,75000,Credit Card,825000
84,50000,Credit Card,400000
85,50000,AutoPay,500000
86,75000,AutoPay,600000
87,80000,AutoPay,640000
88,205000,Credit Card,2460000
89,90000,E-Wallet,900000
90,90000,Credit Card,900000
91,50000,AutoPay,350000
92,120000,Credit Card,1200000
93,75000,AutoPay,900000
94,90000,E-Wallet,1080000
95,50000,Virtual Account,550000
96,50000,Credit Card,600000
97,90000,E-Wallet,720000
98,120000,Virtual Account,720000
99,120000,Virtual Account,1440000
100,50000,Virtual Account,300000
101,75000,Credit Card,900000
102,180000,Virtual Account,2160000
103,100000,E-Wallet,1000000
104,135000,E-Wallet,1620000
105,75000,Credit Card,825000
106,180000,Virtual Account,1980000
107,120000,Credit Card,960000
108,180000,Virtual Account,1800000
109,105000,AutoPay,735000
110,100000,Virtual Account,1100000
111,180000,E-Wallet,1080000
112,50000,Virtual Account,550000
113,65000,Credit Card,650000
114,120000,Credit Card,1200000
115,150000,AutoPay,900000
116,180000,E-Wallet,1080000
117,50000,Virtual Account,400000
118,160000,Virtual Account,1280000
119,120000,Credit Card,1440000
120,50000,Virtual Account,400000
121,75000,E-Wallet,750000
122,50000,Virtual Account,450000
123,50000,E-Wallet,550000
124,180000,E-Wallet,1980000
125,75000,AutoPay,825000
126,120000,Virtual Account,1200000
127,180000,Credit Card,1980000
128,75000,Virtual Account,450000
129,160000,E-Wallet,1760000
130,115000,AutoPay,1265000
131,120000,Credit Card,1440000
132,90000,Virtual Account,990000
133,180000,Virtual Account,1260000
134,50000,AutoPay,450000
135,50000,Credit Card,400000
136,120000,AutoPay,1440000
137,115000,Virtual Account,1380000
138,90000,AutoPay,1080000
139,75000,AutoPay,900000
140,135000,Virtual Account,1080000
141,90000,E-Wallet,990000
142,50000,AutoPay,300000
143,75000,Credit Card,450000
144,90000,AutoPay,810000
145,50000,Credit Card,600000
146,90000,Virtual Account,900000
147,75000,Virtual Account,450000
148,75000,E-Wallet,525000
149,75000,AutoPay,750000
150,120000,E-Wallet,960000
151,50000,E-Wallet,300000
152,115000,Virtual Account,690000
153,75000,E-Wallet,600000
154,75000,AutoPay,450000
155,120000,Virtual Account,720000
156,75000,Virtual Account,825000
157,75000,AutoPay,750000
158,50000,Virtual Account,350000
159,75000,AutoPay,600000
160,75000,AutoPay,900000
161,50000,E-Wallet,450000
162,115000,E-Wallet,1265000
163,205000,Virtual Account,2460000
164,100000,Credit Card,1200000
165,75000,Credit Card,750000
166,195000,E-Wallet,1755000
167,145000,Credit Card,870000
168,90000,E-Wallet,990000
169,120000,AutoPay,1200000
170,145000,E-Wallet,1595000
171,75000,AutoPay,675000
172,75000,Virtual Account,525000
173,115000,AutoPay,1265000
174,205000,Virtual Account,2050000
175,115000,AutoPay,805000
176,50000,Credit Card,400000
177,145000,E-Wallet,1160000
178,75000,AutoPay,825000
179,50000,E-Wallet,450000
180,75000,Credit Card,750000
181,100000,Virtual Account,1100000
182,120000,E-Wallet,1320000
183,90000,AutoPay,630000
184,120000,E-Wallet,840000
185,75000,Credit Card,675000
186,50000,Virtual Account,400000
187,195000,Credit Card,2340000
188,75000,E-Wallet,825000
189,90000,AutoPay,720000
190,90000,AutoPay,810000
191,160000,Credit Card,960000
192,50000,Credit Card,300000
193,50000,Virtual Account,600000
194,65000,Virtual Account,390000
195,50000,Virtual Account,400000
196,150000,E-Wallet,1050000
197,115000,E-Wallet,690000
198,80000,Virtual Account,640000
199,50000,Credit Card,550000
200,50000,E-Wallet,450000
201,180000,E-Wallet,1080000
202,80000,E-Wallet,880000
203,195000,Credit Card,1755000
204,75000,Virtual Account,675000
205,80000,Credit Card,640000
206,120000,Credit Card,720000
207,75000,AutoPay,825000
208,145000,E-Wallet,1595000
209,180000,Virtual Account,2160000
210,50000,Credit Card,550000
211,50000,Credit Card,400000
212,120000,AutoPay,1200000
213,50000,AutoPay,400000
214,90000,E-Wallet,810000
215,50000,Credit Card,600000
216,90000,Virtual Account,630000
217,120000,Credit Card,1320000
218,80000,E-Wallet,880000
219,75000,AutoPay,525000
220,75000,Credit Card,900000
221,75000,Virtual Account,900000
222,50000,Credit Card,550000
223,135000,AutoPay,1620000
224,50000,Virtual Account,300000
225,160000,AutoPay,960000
226,135000,E-Wallet,945000
227,75000,Virtual Account,600000
228,105000,Credit Card,1050000
229,75000,Virtual Account,600000
230,75000,Virtual Account,750000
231,120000,Credit Card,1080000
232,120000,Credit Card,840000
233,50000,AutoPay,450000
234,100000,E-Wallet,1100000
235,180000,E-Wallet,1260000
236,205000,E-Wallet,2460000
237,75000,AutoPay,450000
238,75000,Credit Card,825000
239,65000,AutoPay,520000
240,180000,Credit Card,1260000
241,50000,Credit Card,400000
242,75000,Credit Card,825000
243,75000,Virtual Account,825000
244,50000,AutoPay,450000
245,75000,AutoPay,525000
246,180000,Credit Card,1260000
247,50000,AutoPay,350000
248,75000,Credit Card,450000
249,50000,E-Wallet,550000
250,50000,Credit Card,550000
251,115000,AutoPay,690000
252,75000,Credit Card,525000
253,50000,E-Wallet,550000
254,50000,E-Wallet,600000
255,80000,Virtual Account,720000
256,50000,E-Wallet,550000
257,180000,Credit Card,2160000
258,180000,Virtual Account,1440000
259,90000,Virtual Account,990000
260,100000,E-Wallet,600000
261,180000,Credit Card,2160000
262,50000,Virtual Account,500000
263,135000,Virtual Account,1620000
264,220000,Virtual Account,2200000
265,80000,Credit Card,960000
266,50000,E-Wallet,600000
267,180000,Virtual Account,1800000
268,115000,E-Wallet,690000
269,80000,Credit Card,800000
270,75000,Credit Card,900000
271,75000,E-Wallet,825000
272,105000,E-Wallet,1050000
273,150000,Virtual Account,1650000
274,180000,E-Wallet,1440000
275,50000,AutoPay,500000
276,115000,E-Wallet,1265000
277,75000,AutoPay,750000
278,75000,Credit Card,825000
279,50000,Virtual Account,550000
280,180000,Virtual Account,2160000
281,120000,Virtual Account,1440000
282,105000,Virtual Account,1155000
283,75000,Virtual Account,600000
284,90000,Virtual Account,720000
285,75000,Credit Card,750000
286,105000,Virtual Account,945000
287,75000,AutoPay,525000
288,180000,Virtual Account,1980000
289,105000,Credit Card,840000
290,105000,Virtual Account,945000
291,135000,Credit Card,1080000
292,80000,Virtual Account,480000
293,100000,Virtual Account,700000
294,50000,Credit Card,350000
295,100000,Virtual Account,1000000
296,120000,Virtual Account,960000
297,75000,AutoPay,825000
298,120000,Credit Card,840000
299,75000,AutoPay,525000
300,80000,Virtual Account,640000
301,120000,Virtual Account,720000
302,90000,Credit Card,540000
303,80000,Credit Card,720000
304,90000,Virtual Account,1080000
305,50000,Credit Card,350000
306,50000,AutoPay,600000
307,100000,E-Wallet,1000000
308,90000,Virtual Account,630000
309,75000,AutoPay,525000
310,210000,Virtual Account,2100000
311,75000,E-Wallet,900000
312,120000,Credit Card,960000
313,50000,E-Wallet,450000
314,75000,Credit Card,750000
315,120000,E-Wallet,1200000
316,75000,AutoPay,525000
317,120000,Virtual Account,1080000
318,75000,E-Wallet,750000
319,50000,Virtual Account,500000
320,75000,AutoPay,900000
321,75000,E-Wallet,450000
322,145000,Credit Card,1450000
323,65000,Virtual Account,520000
324,180000,E-Wallet,1980000
325,180000,Virtual Account,1260000
326,50000,E-Wallet,300000
327,50000,Credit Card,400000
328,135000,AutoPay,1080000
329,220000,Credit Card,2420000
330,75000,AutoPay,525000
331,75000,E-Wallet,900000
332,75000,E-Wallet,675000
333,75000,E-Wallet,750000
334,50000,AutoPay,300000
335,120000,E-Wallet,720000
336,75000,Virtual Account,525000
337,50000,E-Wallet,350000
338,75000,E-Wallet,450000
339,105000,AutoPay,840000
340,80000,Virtual Account,960000
341,105000,AutoPay,630000
342,50000,Credit Card,600000
343,50000,AutoPay,550000
344,50000,E-Wallet,450000
345,180000,E-Wallet,1980000
346,115000,E-Wallet,1035000
347,90000,Credit Card,900000
348,115000,Virtual Account,1150000
349,180000,Credit Card,1260000
350,65000,E-Wallet,780000
351,75000,Virtual Account,825000
352,145000,AutoPay,1740000
353,90000,Credit Card,720000
354,50000,Credit Card,300000
355,75000,Virtual Account,450000
356,50000,Virtual Account,500000
357,75000,E-Wallet,750000
358,120000,E-Wallet,840000
359,50000,AutoPay,550000
360,145000,AutoPay,870000
361,75000,E-Wallet,750000
362,120000,Virtual Account,1440000
363,115000,Virtual Account,1265000
364,50000,Credit Card,300000
365,75000,Credit Card,450000
366,180000,Virtual Account,1620000
367,90000,Virtual Account,720000
368,65000,Credit Card,520000
369,75000,Credit Card,675000
370,75000,AutoPay,600000
371,90000,E-Wallet,900000
372,80000,AutoPay,800000
373,65000,Virtual Account,715000
374,50000,Credit Card,500000
375,65000,Credit Card,390000
376,75000,E-Wallet,900000
377,120000,E-Wallet,960000
378,80000,Virtual Account,480000
379,115000,E-Wallet,1380000
380,105000,AutoPay,945000
381,180000,Credit Card,2160000
382,180000,E-Wallet,1260000
383,120000,E-Wallet,720000
384,75000,AutoPay,900000
385,50000,Virtual Account,550000
386,50000,Credit Card,350000
387,50000,E-Wallet,300000
388,75000,E-Wallet,750000
389,120000,Virtual Account,840000
390,145000,E-Wallet,1305000
391,120000,Virtual Account,1080000
392,75000,E-Wallet,525000
393,90000,Virtual Account,720000
394,50000,AutoPay,550000
395,50000,Credit Card,550000
396,120000,AutoPay,720000
397,80000,AutoPay,480000
398,75000,Credit Card,750000
399,75000,Credit Card,825000
400,75000,AutoPay,825000
401,145000,E-Wallet,1740000
402,50000,E-Wallet,450000
403,120000,E-Wallet,1200000
404,50000,Virtual Account,300000
405,75000,E-Wallet,450000
406,120000,AutoPay,960000
407,90000,AutoPay,720000
408,220000,E-Wallet,1980000
409,75000,E-Wallet,525000
410,75000,AutoPay,600000
411,100000,Virtual Account,700000
412,180000,E-Wallet,1980000
413,75000,E-Wallet,600000
414,120000,E-Wallet,960000
415,75000,Virtual Account,450000
416,50000,AutoPay,500000
417,75000,E-Wallet,900000
418,50000,E-Wallet,300000
419,75000,AutoPay,450000
420,120000,AutoPay,1440000
421,75000,Virtual Account,825000
422,105000,Credit Card,735000
423,75000,Virtual Account,675000
424,50000,E-Wallet,550000
425,50000,E-Wallet,400000
426,100000,E-Wallet,800000
427,50000,Virtual Account,500000
428,50000,Virtual Account,300000
429,75000,Credit Card,900000
430,80000,Virtual Account,720000
431,50000,Credit Card,500000
432,75000,Virtual Account,675000
433,50000,AutoPay,300000
434,180000,Virtual Account,2160000
435,120000,AutoPay,1200000
436,120000,E-Wallet,1080000
437,50000,AutoPay,300000
438,120000,E-Wallet,1200000
439,120000,AutoPay,1320000
440,120000,E-Wallet,1320000
441,75000,Credit Card,900000
442,75000,E-Wallet,450000
443,135000,AutoPay,1215000
444,75000,Credit Card,750000
445,100000,Virtual Account,900000
446,75000,E-Wallet,600000
447,75000,Virtual Account,600000
448,50000,Virtual Account,350000
449,90000,AutoPay,540000
450,90000,Virtual Account,1080000
451,75000,E-Wallet,750000
452,75000,AutoPay,600000
453,115000,AutoPay,1265000
454,80000,E-Wallet,560000
455,75000,E-Wallet,900000
456,120000,Credit Card,840000
457,65000,Credit Card,390000
458,65000,Credit Card,390000
459,50000,AutoPay,450000
460,120000,AutoPay,840000
461,115000,AutoPay,805000
462,75000,E-Wallet,600000
463,50000,AutoPay,500000
464,90000,AutoPay,630000
465,150000,E-Wallet,900000
466,120000,AutoPay,720000
467,90000,E-Wallet,630000
468,50000,AutoPay,600000
469,50000,E-Wallet,550000
470,75000,E-Wallet,750000
471,50000,AutoPay,400000
472,50000,AutoPay,550000
473,50000,AutoPay,350000
474,75000,E-Wallet,900000
475,180000,E-Wallet,1620000
476,75000,AutoPay,750000
477,145000,AutoPay,1595000
478,150000,Credit Card,1350000
479,50000,Credit Card,500000
480,120000,Virtual Account,840000
481,50000,AutoPay,300000
482,100000,Virtual Account,1100000
483,90000,Virtual Account,1080000
484,180000,Virtual Account,1980000
485,75000,Virtual Account,450000
486,50000,E-Wallet,450000
487,220000,E-Wallet,2200000
488,50000,Virtual Account,350000
489,75000,E-Wallet,525000
490,120000,E-Wallet,1200000
491,120000,E-Wallet,960000
492,180000,AutoPay,2160000
493,180000,E-Wallet,2160000
494,50000,AutoPay,500000
495,120000,AutoPay,1320000
496,90000,Virtual Account,1080000
497,75000,Virtual Account,600000
498,50000,AutoPay,550000
499,105000,Virtual Account,945000
500,195000,Virtual Account,1365000
501,180000,AutoPay,1620000
502,100000,Credit Card,1200000
503,50000,AutoPay,400000
504,75000,Credit Card,450000
505,120000,Credit Card,1200000
506,135000,Credit Card,1080000
507,75000,AutoPay,450000
508,50000,E-Wallet,600000
509,75000,AutoPay,525000
510,75000,Virtual Account,675000
511,205000,Virtual Account,1230000
512,75000,Credit Card,525000
513,50000,Credit Card,350000
514,75000,E-Wallet,600000
515,50000,AutoPay,600000
516,180000,E-Wallet,1260000
517,75000,E-Wallet,600000
518,75000,Credit Card,675000
519,75000,AutoPay,600000
520,75000,E-Wallet,675000
521,100000,Virtual Account,600000
522,160000,Credit Card,960000
523,65000,Credit Card,585000
524,90000,AutoPay,810000
525,50000,Virtual Account,350000
526,75000,Virtual Account,675000
527,50000,E-Wallet,450000
528,75000,Credit Card,450000
529,135000,Virtual Account,1350000
530,150000,AutoPay,1800000
531,75000,Credit Card,900000
532,75000,AutoPay,750000
533,65000,Credit Card,715000
534,75000,E-Wallet,450000
535,150000,AutoPay,1500000
536,50000,AutoPay,350000
537,75000,E-Wallet,600000
538,120000,Virtual Account,1200000
539,150000,E-Wallet,1050000
540,50000,Virtual Account,350000
541,75000,Virtual Account,525000
542,50000,AutoPay,300000
543,50000,E-Wallet,350000
544,180000,AutoPay,1800000
545,120000,Credit Card,840000
546,120000,E-Wallet,840000
547,50000,AutoPay,550000
548,120000,E-Wallet,1080000
549,90000,Virtual Account,540000
550,50000,AutoPay,500000
551,115000,E-Wallet,1380000
552,75000,Virtual Account,450000
553,120000,Credit Card,840000
554,100000,E-Wallet,600000
555,80000,Credit Card,560000
556,50000,E-Wallet,350000
557,80000,Credit Card,560000
558,50000,Virtual Account,600000
559,75000,Virtual Account,675000
560,120000,AutoPay,1200000
561,75000,Credit Card,900000
562,75000,Virtual Account,900000
563,75000,Virtual Account,900000
564,120000,Virtual Account,1080000
565,50000,E-Wallet,550000
566,50000,AutoPay,300000
567,115000,Virtual Account,805000
568,50000,Virtual Account,600000
569,75000,Credit Card,600000
570,120000,Credit Card,960000
571,75000,Virtual Account,825000
572,100000,E-Wallet,1100000
573,120000,E-Wallet,960000
574,115000,Credit Card,805000
575,50000,Virtual Account,550000
576,75000,E-Wallet,750000
577,50000,Virtual Account,450000
578,50000,E-Wallet,550000
579,75000,Credit Card,600000
580,120000,E-Wallet,1440000
581,180000,E-Wallet,1800000
582,75000,E-Wallet,600000
583,90000,E-Wallet,900000
584,90000,Virtual Account,810000
585,145000,AutoPay,1595000
586,105000,Credit Card,630000
587,75000,AutoPay,675000
588,120000,E-Wallet,1200000
589,120000,Virtual Account,1320000
590,145000,Virtual Account,1450000
591,50000,AutoPay,500000
592,120000,AutoPay,1440000
593,120000,E-Wallet,1440000
594,50000,E-Wallet,600000
595,75000,Credit Card,525000
596,65000,AutoPay,520000
597,220000,E-Wallet,1540000
598,50000,Virtual Account,550000
599,75000,Virtual Account,750000
600,65000,AutoPay,715000
601,120000,AutoPay,960000
602,65000,Virtual Account,520000
603,50000,Credit Card,600000
604,115000,Credit Card,1380000
605,180000,AutoPay,1080000
606,80000,Virtual Account,800000
607,80000,Virtual Account,800000
608,145000,Virtual Account,1450000
609,100000,E-Wallet,800000
610,180000,E-Wallet,1980000
611,90000,E-Wallet,810000
612,75000,AutoPay,900000
613,50000,Credit Card,600000
614,50000,Virtual Account,550000
615,75000,AutoPay,750000
616,75000,Virtual Account,525000
617,120000,AutoPay,1200000
618,50000,AutoPay,400000
619,75000,Credit Card,450000
620,105000,E-Wallet,1050000
621,220000,AutoPay,1980000
622,50000,Virtual Account,450000
623,80000,AutoPay,800000
624,75000,AutoPay,900000
625,75000,E-Wallet,750000
626,50000,E-Wallet,500000
627,180000,AutoPay,1260000
628,65000,Virtual Account,780000
629,150000,AutoPay,1200000
630,75000,Credit Card,675000
631,75000,Virtual Account,900000
632,180000,AutoPay,1620000
633,50000,Virtual Account,300000
634,180000,Virtual Account,1800000
635,105000,E-Wallet,840000
636,180000,E-Wallet,1440000
637,75000,Credit Card,750000
638,90000,E-Wallet,720000
639,50000,AutoPay,550000
640,50000,Credit Card,350000
641,65000,Credit Card,390000
642,50000,E-Wallet,600000
643,80000,Virtual Account,640000
644,75000,E-Wallet,600000
645,120000,AutoPay,1200000
646,50000,E-Wallet,400000
647,75000,Credit Card,525000
648,115000,AutoPay,1035000
649,75000,AutoPay,900000
650,50000,E-Wallet,300000
651,50000,AutoPay,450000
652,180000,E-Wallet,2160000
653,120000,Credit Card,840000
654,115000,Credit Card,920000
655,75000,Virtual Account,450000
656,75000,E-Wallet,900000
657,115000,Virtual Account,1265000
658,75000,AutoPay,900000
659,75000,Virtual Account,600000
660,50000,Virtual Account,500000
661,50000,AutoPay,300000
662,75000,AutoPay,825000
663,120000,Virtual Account,960000
664,75000,E-Wallet,600000
665,120000,Credit Card,720000
666,180000,Credit Card,1980000
667,50000,AutoPay,300000
668,75000,Virtual Account,525000
669,105000,Virtual Account,1050000
670,180000,Credit Card,1980000
671,180000,Credit Card,1260000
672,75000,Virtual Account,450000
673,65000,Virtual Account,390000
674,150000,Credit Card,1650000
675,75000,E-Wallet,450000
676,135000,Virtual Account,1620000
677,180000,AutoPay,2160000
678,90000,AutoPay,720000
679,90000,AutoPay,990000
680,75000,AutoPay,525000
681,75000,E-Wallet,675000
682,65000,Virtual Account,650000
683,160000,E-Wallet,1440000
684,180000,E-Wallet,1620000
685,180000,E-Wallet,2160000
686,50000,Virtual Account,400000
687,120000,E-Wallet,960000
688,120000,E-Wallet,1200000
689,50000,E-Wallet,350000
690,50000,Credit Card,500000
691,50000,E-Wallet,450000
692,180000,Virtual Account,1800000
693,75000,AutoPay,450000
694,120000,AutoPay,1320000
695,90000,Credit Card,1080000
696,150000,AutoPay,1500000
697,75000,AutoPay,900000
698,75000,AutoPay,825000
699,90000,AutoPay,630000
700,80000,AutoPay,720000
701,120000,Credit Card,1320000
702,75000,E-Wallet,600000
703,115000,E-Wallet,690000
704,75000,AutoPay,675000
705,75000,E-Wallet,900000
706,50000,Virtual Account,300000
707,50000,AutoPay,350000
708,180000,E-Wallet,1440000
709,50000,Virtual Account,450000
710,120000,AutoPay,1320000
711,180000,AutoPay,1980000
712,50000,E-Wallet,450000
713,50000,Virtual Account,500000
714,75000,AutoPay,750000
715,180000,Virtual Account,1080000
716,180000,Credit Card,1800000
717,105000,Virtual Account,1050000
718,120000,Credit Card,1440000
719,50000,Virtual Account,400000
720,220000,E-Wallet,1540000
721,180000,AutoPay,1620000
722,50000,AutoPay,300000
723,50000,E-Wallet,300000
724,50000,Credit Card,500000
725,50000,AutoPay,350000
726,145000,E-Wallet,1160000
727,75000,Virtual Account,450000
728,50000,Credit Card,300000
729,80000,AutoPay,560000
730,205000,E-Wallet,1845000
731,75000,AutoPay,600000
732,75000,Virtual Account,600000
733,50000,E-Wallet,350000
734,180000,E-Wallet,1080000
735,120000,Credit Card,840000
736,65000,AutoPay,585000
737,50000,AutoPay,500000
738,50000,AutoPay,500000
739,50000,Credit Card,600000
740,75000,E-Wallet,675000
741,180000,AutoPay,1080000
742,100000,AutoPay,900000
743,120000,Credit Card,1320000
744,115000,AutoPay,690000
745,120000,AutoPay,1320000
746,150000,Credit Card,1800000
747,75000,Virtual Account,675000
748,105000,Credit Card,1155000
749,75000,Credit Card,900000
750,50000,Virtual Account,350000
751,115000,E-Wallet,1035000
752,75000,AutoPay,750000
753,195000,E-Wallet,2340000
754,115000,Virtual Account,1150000
755,120000,AutoPay,840000
756,115000,Virtual Account,1265000
757,120000,Virtual Account,1440000
758,75000,AutoPay,750000
759,120000,AutoPay,960000
760,105000,AutoPay,945000
761,75000,Virtual Account,825000
762,115000,Virtual Account,1380000
763,75000,AutoPay,900000
764,50000,Credit Card,500000
765,80000,AutoPay,560000
766,65000,E-Wallet,520000
767,120000,Virtual Account,840000
768,50000,Virtual Account,450000
769,75000,Virtual Account,600000
770,120000,Virtual Account,720000
771,50000,AutoPay,550000
772,90000,Virtual Account,810000
773,50000,Virtual Account,500000
774,220000,E-Wallet,1320000
775,145000,Credit Card,1160000
776,160000,Credit Card,1920000
777,90000,Virtual Account,810000
778,120000,E-Wallet,1200000
779,50000,Virtual Account,300000
780,50000,Virtual Account,500000
781,50000,Virtual Account,550000
782,100000,Credit Card,1000000
783,75000,Virtual Account,450000
784,75000,Credit Card,825000
785,50000,AutoPay,400000
786,75000,Virtual Account,900000
787,120000,AutoPay,720000
788,105000,E-Wallet,1050000
789,120000,Virtual Account,1320000
790,50000,AutoPay,550000
791,145000,Credit Card,1450000
792,75000,AutoPay,750000
793,50000,Virtual Account,500000
794,75000,AutoPay,900000
795,115000,Virtual Account,690000
796,120000,Credit Card,960000
797,90000,AutoPay,990000
798,50000,AutoPay,600000
799,145000,Credit Card,1450000
800,100000,E-Wallet,1100000
801,75000,AutoPay,675000
802,75000,Credit Card,900000
803,65000,Virtual Account,650000
804,90000,E-Wallet,720000
805,100000,Virtual Account,600000
806,180000,Virtual Account,1620000
807,75000,Virtual Account,450000
808,115000,Credit Card,1265000
809,75000,Virtual Account,675000
810,220000,AutoPay,2200000
811,145000,E-Wallet,1160000
812,75000,AutoPay,750000
813,145000,E-Wallet,1160000
814,90000,Virtual Account,630000
815,75000,Virtual Account,675000
816,50000,E-Wallet,550000
817,75000,AutoPay,900000
818,50000,E-Wallet,350000
819,180000,Credit Card,1440000
820,50000,E-Wallet,500000
821,180000,Virtual Account,2160000
822,90000,Credit Card,900000
823,75000,Credit Card,825000
824,75000,Credit Card,825000
825,50000,Credit Card,450000
826,90000,E-Wallet,720000
827,80000,Credit Card,960000
828,115000,Virtual Account,690000
829,75000,E-Wallet,450000
830,120000,E-Wallet,1320000
831,80000,Credit Card,960000
832,50000,AutoPay,300000
833,75000,E-Wallet,450000
834,180000,Virtual Account,1260000
835,120000,E-Wallet,840000
836,75000,AutoPay,825000
837,75000,Virtual Account,750000
838,50000,Credit Card,600000
839,180000,Virtual Account,1260000
840,105000,E-Wallet,1260000
841,80000,AutoPay,720000
842,75000,Credit Card,525000
843,50000,Virtual Account,350000
844,180000,AutoPay,1620000
845,80000,AutoPay,800000
846,75000,AutoPay,450000
847,90000,Credit Card,990000
848,120000,E-Wallet,1200000
849,120000,Virtual Account,720000
850,105000,E-Wallet,1155000
851,75000,Credit Card,675000
852,120000,AutoPay,840000
853,50000,AutoPay,400000
854,50000,E-Wallet,600000
855,50000,E-Wallet,350000
856,180000,Credit Card,2160000
857,75000,Virtual Account,675000
858,120000,AutoPay,960000
859,75000,E-Wallet,525000
860,50000,Virtual Account,350000
861,90000,E-Wallet,720000
862,90000,AutoPay,900000
863,75000,E-Wallet,750000
864,50000,E-Wallet,300000
865,50000,Credit Card,500000
866,120000,Virtual Account,840000
867,180000,Credit Card,1620000
868,50000,Virtual Account,600000
869,65000,Virtual Account,715000
870,50000,E-Wallet,600000
871,90000,Credit Card,630000
872,120000,AutoPay,1440000
873,65000,E-Wallet,455000
874,80000,AutoPay,560000
875,120000,Credit Card,1320000
876,105000,E-Wallet,1155000
877,50000,Credit Card,550000
878,75000,Virtual Account,675000
879,75000,Virtual Account,600000
880,90000,E-Wallet,720000
881,150000,AutoPay,1200000
882,160000,Credit Card,1280000
883,115000,E-Wallet,690000
884,180000,E-Wallet,2160000
885,75000,E-Wallet,525000
886,160000,Credit Card,1920000
887,75000,AutoPay,675000
888,120000,AutoPay,720000
889,180000,AutoPay,1440000
890,90000,Virtual Account,720000
891,180000,E-Wallet,1980000
892,120000,Virtual Account,720000
893,160000,AutoPay,960000
894,50000,AutoPay,600000
895,120000,AutoPay,960000
896,120000,AutoPay,1320000
897,75000,AutoPay,600000
898,180000,Credit Card,1260000
899,50000,Virtual Account,550000
900,65000,E-Wallet,585000
901,115000,AutoPay,1150000
902,75000,Virtual Account,750000
903,75000,Virtual Account,825000
904,50000,AutoPay,500000
905,210000,AutoPay,1470000
906,50000,E-Wallet,500000
907,50000,Credit Card,450000
908,50000,Virtual Account,450000
909,75000,Credit Card,900000
910,180000,Virtual Account,2160000
911,75000,E-Wallet,900000
912,145000,AutoPay,870000
913,50000,AutoPay,350000
914,75000,Virtual Account,600000
915,100000,E-Wallet,700000
916,75000,Virtual Account,600000
917,50000,Virtual Account,400000
918,90000,E-Wallet,720000
919,100000,E-Wallet,1000000
920,120000,Virtual Account,840000
921,75000,Virtual Account,600000
922,50000,AutoPay,300000
923,75000,Virtual Account,900000
924,80000,E-Wallet,800000
925,150000,Credit Card,1800000
926,105000,AutoPay,1155000
927,75000,E-Wallet,750000
928,180000,E-Wallet,1620000
929,75000,E-Wallet,750000
930,50000,Credit Card,400000
931,75000,Credit Card,525000
932,50000,Virtual Account,550000
933,120000,Credit Card,1080000
934,120000,E-Wallet,1440000
935,180000,E-Wallet,1620000
936,75000,E-Wallet,675000
937,75000,Virtual Account,900000
938,120000,E-Wallet,1200000
939,50000,Credit Card,600000
940,75000,Virtual Account,675000
941,75000,Virtual Account,525000
942,75000,AutoPay,750000
943,75000,AutoPay,825000
944,120000,AutoPay,1200000
945,120000,AutoPay,1080000
946,90000,AutoPay,990000
947,50000,AutoPay,500000
948,50000,Credit Card,300000
949,120000,AutoPay,960000
950,50000,Credit Card,500000
951,120000,Credit Card,1320000
952,50000,Credit Card,600000
953,100000,Virtual Account,700000
954,115000,E-Wallet,1150000
955,120000,AutoPay,720000
956,50000,Virtual Account,400000
957,75000,AutoPay,525000
958,80000,Virtual Account,480000
959,120000,Credit Card,960000
960,145000,Virtual Account,1160000
961,50000,Virtual Account,400000
962,145000,E-Wallet,1160000
963,75000,E-Wallet,525000
964,80000,E-Wallet,880000
965,100000,E-Wallet,1000000
966,50000,Virtual Account,350000
967,120000,Virtual Account,1080000
968,160000,E-Wallet,1760000
969,50000,E-Wallet,400000
970,75000,Credit Card,450000
971,160000,Credit Card,1440000
972,180000,E-Wallet,1260000
973,75000,Virtual Account,750000
974,205000,Virtual Account,1230000
975,75000,AutoPay,750000
976,115000,AutoPay,805000
977,150000,Virtual Account,1200000
978,100000,Virtual Account,700000
979,75000,Credit Card,900000
980,75000,Virtual Account,675000
981,120000,E-Wallet,1440000
982,120000,Credit Card,1200000
983,105000,Virtual Account,630000
984,90000,E-Wallet,540000
985,90000,Credit Card,810000
986,75000,E-Wallet,900000
987,80000,Credit Card,480000
988,150000,AutoPay,1500000
989,75000,E-Wallet,900000
990,80000,AutoPay,720000
991,50000,Credit Card,350000
992,65000,AutoPay,520000
993,180000,Credit Card,1440000
994,50000,Credit Card,450000
995,50000,Credit Card,300000
996,75000,Virtual Account,675000
997,50000,AutoPay,350000
998,75000,E-Wallet,600000
999,50000,AutoPay,350000
1000,75000,AutoPay,450000
1001,75000,Virtual Account,825000
1002,105000,Credit Card,1260000
1003,105000,Virtual Account,945000
1004,220000,E-Wallet,1540000
1005,75000,AutoPay,525000
1006,50000,E-Wallet,600000
1007,50000,Credit Card,300000
1008,115000,Virtual Account,805000
1009,120000,Credit Card,720000
1010,80000,Virtual Account,800000
1011,160000,E-Wallet,1760000
1012,50000,Virtual Account,550000
1013,75000,Virtual Account,900000
1014,120000,Credit Card,840000
1015,50000,Virtual Account,550000
1016,75000,Virtual Account,675000
1017,50000,E-Wallet,300000
1018,120000,E-Wallet,1320000
1019,65000,Virtual Account,520000
1020,120000,Virtual Account,1440000
1021,80000,E-Wallet,800000
1022,120000,Credit Card,1200000
1023,75000,Credit Card,600000
1024,150000,Virtual Account,1200000
1025,90000,Virtual Account,900000
1026,180000,AutoPay,1980000
1027,50000,Virtual Account,450000
1028,50000,E-Wallet,300000
1029,100000,E-Wallet,700000
1030,65000,Virtual Account,455000
1031,50000,E-Wallet,600000
1032,180000,AutoPay,1440000
1033,220000,Credit Card,2420000
1034,75000,E-Wallet,900000
1035,195000,E-Wallet,2340000
1036,75000,E-Wallet,600000
1037,65000,E-Wallet,390000
1038,120000,E-Wallet,1080000
1039,75000,Credit Card,450000
1040,180000,AutoPay,1260000
1041,75000,Virtual Account,450000
1042,90000,Credit Card,720000
1043,75000,Credit Card,600000
1044,50000,E-Wallet,350000
1045,80000,Credit Card,640000
1046,180000,Credit Card,2160000
1047,120000,Virtual Account,960000
1048,120000,Virtual Account,1320000
1049,75000,Virtual Account,525000
1050,80000,AutoPay,560000
1051,50000,Credit Card,300000
1052,90000,AutoPay,810000
1053,90000,AutoPay,720000
1054,120000,Virtual Account,840000
1055,75000,AutoPay,450000
1056,75000,Credit Card,525000
1057,90000,Credit Card,900000
1058,50000,Virtual Account,350000
1059,75000,AutoPay,675000
1060,180000,Virtual Account,2160000
1061,90000,AutoPay,990000
1062,150000,E-Wallet,1500000
1063,75000,AutoPay,525000
1064,75000,Credit Card,450000
1065,50000,E-Wallet,350000
1066,120000,E-Wallet,720000
1067,120000,AutoPay,960000
1068,50000,Virtual Account,350000
1069,100000,Credit Card,700000
1070,90000,E-Wallet,1080000
1071,75000,AutoPay,450000
1072,180000,Credit Card,2160000
1073,75000,Credit Card,900000
1074,90000,E-Wallet,810000
1075,50000,E-Wallet,400000
1076,50000,AutoPay,500000
1077,50000,E-Wallet,350000
1078,90000,AutoPay,540000
1079,135000,AutoPay,1620000
1080,120000,Credit Card,840000
1081,50000,AutoPay,550000
1082,120000,AutoPay,1440000
1083,50000,AutoPay,350000
1084,50000,AutoPay,600000
1085,75000,E-Wallet,675000
1086,75000,Credit Card,600000
1087,50000,AutoPay,600000
1088,75000,E-Wallet,600000
1089,75000,E-Wallet,900000
1090,180000,E-Wallet,1800000
1091,50000,Credit Card,400000
1092,75000,Credit Card,900000
1093,80000,E-Wallet,720000
1094,75000,Virtual Account,450000
1095,50000,Virtual Account,400000
1096,120000,AutoPay,960000
1097,75000,E-Wallet,675000
1098,75000,AutoPay,750000
1099,115000,AutoPay,1150000
1100,50000,Credit Card,300000
1101,90000,Virtual Account,630000
1102,50000,Credit Card,500000
1103,75000,Virtual Account,750000
1104,50000,E-Wallet,600000
1105,65000,AutoPay,390000
1106,180000,Credit Card,2160000
1107,90000,Credit Card,1080000
1108,120000,E-Wallet,720000
1109,160000,Credit Card,1920000
1110,75000,Credit Card,450000
1111,50000,Virtual Account,550000
1112,50000,E-Wallet,600000
1113,90000,AutoPay,810000
1114,75000,E-Wallet,825000
1115,145000,E-Wallet,1740000
1116,180000,Virtual Account,2160000
1117,75000,AutoPay,450000
1118,50000,Virtual Account,400000
1119,75000,E-Wallet,675000
1120,120000,Credit Card,840000
1121,50000,Credit Card,300000
1122,50000,E-Wallet,450000
1123,150000,E-Wallet,1200000
1124,75000,Credit Card,525000
1125,205000,E-Wallet,1230000
1126,105000,AutoPay,1260000
1127,50000,Credit Card,350000
1128,180000,Credit Card,1260000
1129,80000,Credit Card,880000
1130,80000,AutoPay,560000
1131,90000,Virtual Account,990000
1132,50000,AutoPay,600000
1133,75000,E-Wallet,750000
1134,80000,E-Wallet,560000
1135,115000,AutoPay,1380000
1136,115000,AutoPay,1265000
1137,160000,E-Wallet,1600000
1138,120000,Credit Card,840000
1139,50000,AutoPay,550000
1140,75000,E-Wallet,900000
1141,75000,AutoPay,825000
1142,50000,Credit Card,500000
1143,120000,AutoPay,840000
1144,120000,Credit Card,840000
1145,50000,E-Wallet,300000
1146,75000,Credit Card,525000
1147,50000,AutoPay,450000
1148,115000,E-Wallet,1150000
1149,80000,Credit Card,640000
1150,220000,E-Wallet,1540000
1151,120000,Credit Card,1200000
1152,105000,E-Wallet,1260000
1153,75000,Credit Card,600000
1154,180000,AutoPay,1980000
1155,75000,AutoPay,825000
1156,50000,E-Wallet,500000
1157,100000,AutoPay,1200000
1158,120000,AutoPay,720000
1159,75000,Virtual Account,525000
1160,105000,Virtual Account,630000
1161,120000,E-Wallet,1200000
1162,150000,Credit Card,1050000
1163,195000,E-Wallet,1170000
1164,50000,E-Wallet,300000
1165,75000,Credit Card,525000
1166,120000,Virtual Account,1320000
1167,120000,E-Wallet,1200000
1168,115000,AutoPay,1265000
1169,65000,E-Wallet,780000
1170,120000,Credit Card,1080000
1171,120000,AutoPay,1320000
1172,75000,AutoPay,825000
1173,75000,AutoPay,825000
1174,50000,Virtual Account,450000
1175,50000,E-Wallet,350000
1176,90000,Virtual Account,1080000
1177,100000,Credit Card,1000000
1178,75000,E-Wallet,600000
1179,75000,AutoPay,525000
1180,75000,Credit Card,675000
1181,120000,Credit Card,1080000
1182,50000,Virtual Account,450000
1183,75000,Virtual Account,525000
1184,120000,AutoPay,1080000
1185,90000,Virtual Account,1080000
1186,220000,E-Wallet,1980000
1187,150000,Virtual Account,900000
1188,75000,Credit Card,450000
1189,180000,Credit Card,1080000
1190,50000,Virtual Account,300000
1191,50000,E-Wallet,400000
1192,75000,Credit Card,600000
1193,100000,Virtual Account,600000
1194,180000,AutoPay,1260000
1195,65000,E-Wallet,650000
1196,75000,Virtual Account,825000
1197,75000,Virtual Account,525000
1198,100000,Virtual Account,800000
1199,90000,Credit Card,990000
1200,75000,Virtual Account,900000
1201,120000,AutoPay,720000
1202,50000,Credit Card,450000
1203,120000,Credit Card,1200000
1204,90000,AutoPay,540000
1205,145000,E-Wallet,1595000
1206,120000,Credit Card,1200000
1207,50000,Virtual Account,350000
1208,115000,Credit Card,920000
1209,120000,Virtual Account,1320000
1210,75000,AutoPay,600000
1211,180000,Virtual Account,1980000
1212,105000,Credit Card,1155000
1213,50000,Virtual Account,400000
1214,75000,Virtual Account,900000
1215,180000,E-Wallet,2160000
1216,50000,AutoPay,550000
1217,135000,AutoPay,1080000
1218,150000,Credit Card,1650000
1219,75000,Virtual Account,900000
1220,80000,E-Wallet,640000
1221,120000,E-Wallet,1200000
1222,80000,AutoPay,880000
1223,120000,E-Wallet,1080000
1224,75000,Credit Card,675000
1225,75000,E-Wallet,675000
1226,120000,AutoPay,1200000
1227,115000,Virtual Account,1150000
1228,75000,E-Wallet,825000
1229,75000,AutoPay,600000
1230,115000,AutoPay,1035000
1231,100000,AutoPay,900000
1232,145000,Virtual Account,1160000
1233,75000,Credit Card,675000
1234,75000,Virtual Account,450000
1235,75000,Credit Card,675000
1236,50000,E-Wallet,450000
1237,90000,Virtual Account,900000
1238,180000,E-Wallet,1440000
1239,120000,Credit Card,1200000
1240,90000,AutoPay,540000
1241,75000,E-Wallet,675000
1242,50000,Virtual Account,400000
1243,90000,Credit Card,720000
1244,75000,Virtual Account,900000
1245,75000,E-Wallet,600000
1246,100000,E-Wallet,1200000
1247,80000,Credit Card,880000
1248,65000,Credit Card,780000
1249,205000,AutoPay,1640000
1250,75000,E-Wallet,525000
1251,75000,Credit Card,450000
1252,75000,AutoPay,675000
1253,50000,AutoPay,600000
1254,160000,Credit Card,1440000
1255,105000,Virtual Account,630000
1256,75000,E-Wallet,750000
1257,50000,Credit Card,300000
1258,135000,Credit Card,1215000
1259,50000,Virtual Account,600000
1260,50000,Credit Card,300000
1261,90000,AutoPay,540000
1262,50000,Virtual Account,600000
1263,50000,AutoPay,550000
1264,75000,AutoPay,900000
1265,90000,Credit Card,720000
1266,160000,E-Wallet,1920000
1267,105000,Credit Card,735000
1268,50000,Credit Card,450000
1269,50000,Virtual Account,550000
1270,180000,AutoPay,1260000
1271,75000,AutoPay,825000
1272,120000,AutoPay,1320000
1273,90000,Credit Card,540000
1274,75000,AutoPay,675000
1275,75000,Virtual Account,900000
1276,75000,AutoPay,750000
1277,205000,AutoPay,2255000
1278,180000,Virtual Account,1620000
1279,100000,AutoPay,800000
1280,90000,E-Wallet,990000
1281,180000,E-Wallet,1800000
1282,90000,AutoPay,990000
1283,90000,AutoPay,900000
1284,75000,Virtual Account,750000
1285,80000,Virtual Account,480000
1286,75000,AutoPay,900000
1287,75000,Virtual Account,825000
1288,75000,Virtual Account,825000
1289,100000,Credit Card,700000
1290,80000,E-Wallet,720000
1291,75000,Credit Card,525000
1292,120000,Virtual Account,1080000
1293,75000,Credit Card,450000
1294,80000,Virtual Account,480000
1295,180000,E-Wallet,1980000
1296,180000,Virtual Account,1800000
1297,50000,E-Wallet,400000
1298,50000,Virtual Account,600000
1299,150000,E-Wallet,1800000
1300,150000,Virtual Account,1650000
1301,180000,AutoPay,1440000
1302,120000,E-Wallet,840000
1303,75000,Virtual Account,750000
1304,75000,Credit Card,600000
1305,50000,Virtual Account,550000
1306,75000,Virtual Account,600000
1307,75000,Credit Card,525000
1308,75000,Virtual Account,750000
1309,75000,Virtual Account,525000
1310,120000,AutoPay,1200000
1311,50000,Credit Card,550000
1312,75000,Virtual Account,525000
1313,50000,AutoPay,450000
1314,100000,AutoPay,900000
1315,120000,AutoPay,1200000
1316,100000,Virtual Account,600000
1317,180000,AutoPay,1980000
1318,50000,E-Wallet,350000
1319,75000,Virtual Account,825000
1320,80000,E-Wallet,480000
1321,75000,Virtual Account,450000
1322,120000,Credit Card,960000
1323,75000,E-Wallet,525000
1324,120000,AutoPay,1080000
1325,50000,Virtual Account,400000
1326,135000,E-Wallet,1485000
1327,50000,AutoPay,350000
1328,135000,AutoPay,1350000
1329,50000,Virtual Account,400000
1330,80000,AutoPay,480000
1331,115000,Credit Card,1150000
1332,180000,Credit Card,1800000
1333,50000,Credit Card,400000
1334,75000,E-Wallet,525000
1335,120000,AutoPay,1080000
1336,75000,E-Wallet,900000
1337,65000,Virtual Account,390000
1338,100000,AutoPay,1200000
1339,100000,AutoPay,1200000
1340,220000,Credit Card,1320000
1341,135000,AutoPay,1080000
1342,75000,AutoPay,750000
1343,180000,AutoPay,1440000
1344,75000,Credit Card,675000
1345,50000,Virtual Account,450000
1346,75000,AutoPay,900000
1347,75000,Credit Card,450000
1348,65000,Virtual Account,585000
1349,180000,AutoPay,1080000
1350,120000,Credit Card,1200000
1351,50000,E-Wallet,550000
1352,75000,Virtual Account,525000
1353,120000,E-Wallet,1200000
1354,210000,E-Wallet,1470000
1355,150000,AutoPay,1050000
1356,75000,Virtual Account,600000
1357,120000,AutoPay,960000
1358,100000,Credit Card,800000
1359,75000,Credit Card,750000
1360,75000,Credit Card,675000
1361,50000,AutoPay,350000
1362,75000,Credit Card,675000
1363,50000,E-Wallet,600000
1364,50000,AutoPay,350000
1365,150000,Virtual Account,1050000
1366,65000,E-Wallet,520000
1367,75000,Credit Card,900000
1368,90000,AutoPay,990000
1369,180000,Credit Card,1080000
1370,75000,AutoPay,525000
1371,90000,Credit Card,990000
1372,105000,Virtual Account,1155000
1373,160000,E-Wallet,1120000
1374,210000,Virtual Account,1260000
1375,75000,Credit Card,825000
1376,50000,AutoPay,300000
1377,180000,E-Wallet,1620000
1378,50000,AutoPay,600000
1379,75000,Credit Card,750000
1380,75000,Credit Card,450000
1381,50000,Credit Card,600000
1382,80000,Virtual Account,480000
1383,50000,Virtual Account,300000
1384,100000,AutoPay,900000
1385,205000,Virtual Account,1230000
1386,75000,Credit Card,900000
1387,120000,E-Wallet,960000
1388,50000,E-Wallet,450000
1389,75000,Credit Card,900000
1390,75000,Virtual Account,900000
1391,180000,AutoPay,1980000
1392,135000,AutoPay,945000
1393,75000,Credit Card,900000
1394,120000,E-Wallet,1320000
1395,75000,AutoPay,825000
1396,180000,E-Wallet,1260000
1397,120000,Credit Card,1440000
1398,180000,AutoPay,1080000
1399,75000,Credit Card,600000
1400,75000,AutoPay,900000
1401,75000,Virtual Account,750000
1402,65000,E-Wallet,780000
1403,100000,Credit Card,700000
1404,75000,AutoPay,600000
1405,75000,Credit Card,750000
1406,50000,Virtual Account,400000
1407,50000,Credit Card,350000
1408,75000,E-Wallet,675000
1409,180000,E-Wallet,2160000
1410,75000,E-Wallet,900000
1411,115000,Virtual Account,1150000
1412,135000,Virtual Account,810000
1413,75000,Virtual Account,900000
1414,80000,Virtual Account,480000
1415,75000,AutoPay,600000
1416,50000,AutoPay,300000
1417,180000,E-Wallet,1440000
1418,50000,E-Wallet,450000
1419,75000,Credit Card,750000
1420,50000,Virtual Account,500000
1421,50000,Virtual Account,300000
1422,145000,E-Wallet,1595000
1423,50000,Virtual Account,550000
1424,50000,AutoPay,550000
1425,75000,Credit Card,525000
1426,50000,E-Wallet,450000
1427,50000,AutoPay,500000
1428,145000,E-Wallet,870000
1429,120000,Credit Card,1320000
1430,205000,AutoPay,2460000
1431,150000,E-Wallet,1350000
1432,75000,AutoPay,675000
1433,80000,E-Wallet,800000
1434,120000,Virtual Account,1200000
1435,120000,Virtual Account,960000
1436,120000,E-Wallet,1440000
1437,100000,E-Wallet,1000000
1438,90000,Virtual Account,1080000
1439,120000,Virtual Account,840000
1440,120000,AutoPay,1200000
1441,220000,Credit Card,1320000
1442,50000,Credit Card,350000
1443,50000,E-Wallet,600000
1444,50000,Virtual Account,400000
1445,160000,AutoPay,1120000
1446,80000,Virtual Account,720000
1447,50000,AutoPay,600000
1448,180000,Credit Card,1080000
1449,50000,AutoPay,600000
1450,120000,Credit Card,960000
1451,75000,E-Wallet,900000
1452,120000,Credit Card,1320000
1453,75000,AutoPay,675000
1454,220000,Virtual Account,1320000
1455,180000,Credit Card,1620000
1456,65000,Virtual Account,715000
1457,50000,Virtual Account,350000
1458,50000,E-Wallet,400000
1459,115000,AutoPay,1265000
1460,120000,E-Wallet,840000
1461,100000,Credit Card,1200000
1462,105000,E-Wallet,630000
1463,65000,AutoPay,715000
1464,120000,E-Wallet,1440000
1465,180000,E-Wallet,1260000
1466,50000,E-Wallet,300000
1467,90000,AutoPay,720000
1468,50000,AutoPay,500000
1469,75000,AutoPay,750000
1470,100000,AutoPay,1100000
1471,50000,Virtual Account,600000
1472,115000,AutoPay,1150000
1473,50000,AutoPay,500000
1474,100000,Virtual Account,1200000
1475,75000,E-Wallet,750000
1476,80000,E-Wallet,640000
1477,120000,AutoPay,720000
1478,120000,AutoPay,840000
1479,75000,AutoPay,900000
1480,50000,Virtual Account,400000
1481,145000,Virtual Account,1160000
1482,180000,E-Wallet,1440000
1483,50000,E-Wallet,450000
1484,65000,AutoPay,520000
1485,50000,Credit Card,600000
1486,75000,Credit Card,600000
1487,65000,Virtual Account,715000
1488,115000,Virtual Account,690000
1489,75000,Credit Card,525000
1490,75000,Credit Card,525000
1491,100000,E-Wallet,800000
1492,75000,E-Wallet,600000
1493,100000,Credit Card,1100000
1494,65000,Credit Card,455000
1495,80000,E-Wallet,720000
1496,160000,Virtual Account,960000
1497,50000,Virtual Account,600000
1498,145000,AutoPay,870000
1499,195000,Credit Card,2145000
1500,75000,E-Wallet,825000
1501,115000,Credit Card,1265000
1502,75000,Virtual Account,900000
1503,120000,Virtual Account,1440000
1504,180000,Virtual Account,1440000
1505,120000,Credit Card,1440000
1506,80000,E-Wallet,720000
1507,75000,Virtual Account,675000
1508,90000,Virtual Account,900000
1509,75000,AutoPay,900000
1510,50000,Credit Card,550000
1511,50000,E-Wallet,450000
1512,120000,Credit Card,1320000
1513,75000,Virtual Account,450000
1514,50000,E-Wallet,300000
1515,75000,Virtual Account,600000
1516,120000,E-Wallet,720000
1517,120000,Virtual Account,720000
1518,75000,Credit Card,525000
1519,50000,E-Wallet,450000
1520,65000,E-Wallet,390000
1521,205000,E-Wallet,1845000
1522,75000,Virtual Account,900000
1523,75000,AutoPay,825000
1524,75000,AutoPay,675000
1525,75000,E-Wallet,450000
1526,120000,AutoPay,1320000
1527,115000,Virtual Account,1265000
1528,50000,E-Wallet,300000
1529,50000,E-Wallet,500000
1530,75000,Virtual Account,600000
1531,180000,Virtual Account,2160000
1532,65000,AutoPay,650000
1533,135000,Credit Card,1485000
1534,120000,Credit Card,1440000
1535,50000,E-Wallet,350000
1536,65000,AutoPay,455000
1537,50000,Virtual Account,550000
1538,120000,E-Wallet,1320000
1539,50000,Credit Card,500000
1540,75000,Credit Card,675000
1541,75000,Credit Card,675000
1542,120000,Virtual Account,960000
1543,50000,Credit Card,500000
1544,75000,AutoPay,450000
1545,75000,Credit Card,525000
1546,75000,Credit Card,450000
1547,120000,Credit Card,960000
1548,50000,AutoPay,400000
1549,120000,Credit Card,1440000
1550,90000,Credit Card,900000
1551,75000,Credit Card,750000
1552,100000,Virtual Account,600000
1553,105000,E-Wallet,735000
1554,50000,E-Wallet,350000
1555,90000,Credit Card,900000
1556,75000,AutoPay,750000
1557,75000,Credit Card,525000
1558,50000,E-Wallet,500000
1559,210000,Credit Card,1260000
1560,75000,AutoPay,450000
1561,80000,E-Wallet,560000
1562,75000,AutoPay,675000
1563,120000,AutoPay,1200000
1564,120000,Credit Card,960000
1565,75000,E-Wallet,600000
1566,135000,Virtual Account,1215000
1567,50000,Credit Card,400000
1568,115000,Virtual Account,1265000
1569,120000,E-Wallet,1200000
1570,120000,E-Wallet,1440000
1571,105000,E-Wallet,735000
1572,160000,Virtual Account,1760000
1573,75000,Virtual Account,600000
1574,135000,Credit Card,945000
1575,50000,E-Wallet,450000
1576,50000,Virtual Account,300000
1577,90000,E-Wallet,810000
1578,75000,Credit Card,900000
1579,50000,AutoPay,550000
1580,90000,Virtual Account,630000
1581,50000,Virtual Account,300000
1582,75000,E-Wallet,825000
1583,115000,AutoPay,805000
1584,75000,Credit Card,750000
1585,50000,Virtual Account,450000
1586,120000,AutoPay,720000
1587,160000,AutoPay,1600000
1588,160000,AutoPay,1120000
1589,80000,Virtual Account,880000
1590,145000,Virtual Account,1740000
1591,50000,AutoPay,400000
1592,50000,AutoPay,600000
1593,50000,Credit Card,500000
1594,145000,AutoPay,1450000
1595,50000,AutoPay,400000
1596,50000,AutoPay,500000
1597,50000,E-Wallet,600000
1598,120000,E-Wallet,960000
1599,105000,Credit Card,735000
1600,80000,Credit Card,800000
1601,75000,AutoPay,525000
1602,90000,E-Wallet,540000
1603,75000,E-Wallet,600000
1604,50000,E-Wallet,500000
1605,120000,Virtual Account,720000
1606,80000,Virtual Account,560000
1607,105000,AutoPay,1155000
1608,50000,AutoPay,500000
1609,75000,E-Wallet,525000
1610,75000,E-Wallet,525000
1611,75000,AutoPay,450000
1612,50000,AutoPay,450000
1613,135000,AutoPay,1350000
1614,50000,Credit Card,400000
1615,75000,Credit Card,675000
1616,120000,AutoPay,1200000
1617,75000,E-Wallet,675000
1618,120000,Virtual Account,1440000
1619,105000,AutoPay,1155000
1620,75000,AutoPay,675000
1621,120000,Credit Card,1320000
1622,75000,AutoPay,450000
1623,105000,Credit Card,630000
1624,120000,E-Wallet,1440000
1625,100000,E-Wallet,900000
1626,50000,E-Wallet,600000
1627,75000,Credit Card,750000
1628,145000,Credit Card,1450000
1629,180000,AutoPay,1260000
1630,100000,E-Wallet,1100000
1631,75000,AutoPay,825000
1632,180000,Virtual Account,2160000
1633,50000,AutoPay,300000
1634,90000,Credit Card,990000
1635,160000,Credit Card,1440000
1636,120000,E-Wallet,1200000
1637,150000,Credit Card,1200000
1638,75000,AutoPay,825000
1639,90000,Virtual Account,810000
1640,75000,AutoPay,675000
1641,50000,E-Wallet,550000
1642,65000,Virtual Account,715000
1643,135000,Virtual Account,1080000
1644,75000,Virtual Account,525000
1645,150000,E-Wallet,900000
1646,75000,E-Wallet,525000
1647,75000,E-Wallet,600000
1648,50000,E-Wallet,600000
1649,65000,AutoPay,650000
1650,80000,E-Wallet,560000
1651,210000,AutoPay,1260000
1652,120000,AutoPay,960000
1653,100000,Virtual Account,1100000
1654,80000,AutoPay,880000
1655,195000,Virtual Account,1950000
1656,80000,Virtual Account,560000
1657,50000,AutoPay,350000
1658,75000,AutoPay,825000
1659,220000,Credit Card,2640000
1660,80000,E-Wallet,640000
1661,50000,AutoPay,300000
1662,180000,E-Wallet,1980000
1663,75000,Credit Card,675000
1664,50000,E-Wallet,600000
1665,75000,E-Wallet,450000
1666,120000,Credit Card,1320000
1667,75000,Credit Card,450000
1668,195000,Virtual Account,2340000
1669,100000,E-Wallet,600000
1670,75000,Virtual Account,900000
1671,180000,AutoPay,1620000
1672,90000,Virtual Account,990000
1673,90000,Credit Card,810000
1674,75000,E-Wallet,825000
1675,50000,AutoPay,600000
1676,50000,AutoPay,600000
1677,75000,AutoPay,600000
1678,75000,E-Wallet,825000
1679,150000,E-Wallet,1050000
1680,90000,AutoPay,540000
1681,180000,Credit Card,1260000
1682,50000,Credit Card,300000
1683,80000,E-Wallet,560000
1684,50000,Virtual Account,600000
1685,75000,AutoPay,750000
1686,50000,E-Wallet,550000
1687,120000,AutoPay,1440000
1688,180000,Virtual Account,1980000
1689,180000,Credit Card,1980000
1690,50000,AutoPay,450000
1691,135000,AutoPay,1350000
1692,50000,E-Wallet,500000
1693,50000,E-Wallet,600000
1694,135000,AutoPay,1215000
1695,75000,E-Wallet,825000
1696,50000,Credit Card,600000
1697,75000,E-Wallet,750000
1698,50000,E-Wallet,350000
1699,120000,Credit Card,960000
1700,75000,Credit Card,525000
1701,180000,Virtual Account,2160000
1702,50000,Credit Card,550000
1703,75000,AutoPay,750000
1704,100000,AutoPay,900000
1705,75000,Credit Card,900000
1706,50000,Virtual Account,600000
1707,120000,Credit Card,960000
1708,135000,E-Wallet,1215000
1709,180000,Virtual Account,1080000
1710,160000,E-Wallet,1440000
1711,120000,AutoPay,720000
1712,75000,E-Wallet,525000
1713,120000,E-Wallet,1320000
1714,50000,E-Wallet,600000
1715,75000,Virtual Account,900000
1716,50000,AutoPay,400000
1717,75000,Virtual Account,900000
1718,80000,AutoPay,720000
1719,180000,Credit Card,1620000
1720,50000,E-Wallet,450000
1721,50000,Virtual Account,400000
1722,75000,AutoPay,750000
1723,50000,AutoPay,450000
1724,90000,Credit Card,720000
1725,65000,E-Wallet,585000
1726,90000,Virtual Account,1080000
1727,100000,Virtual Account,1000000
1728,120000,AutoPay,720000
1729,135000,Credit Card,1215000
1730,75000,Credit Card,675000
1731,50000,E-Wallet,400000
1732,65000,Virtual Account,455000
1733,135000,Credit Card,1485000
1734,50000,E-Wallet,350000
1735,65000,Credit Card,455000
1736,145000,E-Wallet,1595000
1737,105000,Credit Card,840000
1738,50000,AutoPay,550000
1739,50000,Credit Card,350000
1740,180000,AutoPay,1260000
1741,145000,E-Wallet,1740000
1742,135000,E-Wallet,1215000
1743,100000,AutoPay,600000
1744,105000,Virtual Account,1050000
1745,180000,E-Wallet,1800000
1746,180000,Credit Card,1620000
1747,50000,E-Wallet,350000
1748,120000,Credit Card,840000
1749,50000,AutoPay,600000
1750,50000,Virtual Account,550000
1751,100000,Virtual Account,1100000
1752,100000,Credit Card,1000000
1753,180000,E-Wallet,2160000
1754,50000,E-Wallet,500000
1755,75000,AutoPay,450000
1756,220000,AutoPay,1320000
1757,195000,Virtual Account,1950000
1758,50000,Credit Card,300000
1759,75000,E-Wallet,600000
1760,100000,AutoPay,800000
1761,50000,Credit Card,300000
1762,180000,AutoPay,1440000
1763,180000,Virtual Account,2160000
1764,80000,Virtual Account,880000
1765,50000,Credit Card,500000
1766,80000,Credit Card,880000
1767,180000,Virtual Account,1440000
1768,80000,E-Wallet,640000
1769,105000,E-Wallet,1155000
1770,100000,AutoPay,600000
1771,75000,AutoPay,450000
1772,50000,Credit Card,550000
1773,50000,Credit Card,400000
1774,210000,E-Wallet,2100000
1775,180000,AutoPay,1800000
1776,120000,E-Wallet,720000
1777,50000,Credit Card,300000
1778,50000,Virtual Account,300000
1779,75000,AutoPay,675000
1780,50000,E-Wallet,450000
1781,180000,Virtual Account,2160000
1782,75000,E-Wallet,450000
1783,75000,AutoPay,900000
1784,205000,Credit Card,2255000
1785,195000,Credit Card,1950000
1786,75000,Credit Card,450000
1787,75000,AutoPay,450000
1788,50000,Virtual Account,500000
1789,75000,Virtual Account,900000
1790,90000,Credit Card,1080000
1791,100000,Virtual Account,1000000
1792,180000,AutoPay,1800000
1793,75000,AutoPay,600000
1794,80000,E-Wallet,960000
1795,75000,AutoPay,825000
1796,80000,Virtual Account,480000
1797,120000,E-Wallet,1320000
1798,100000,Virtual Account,700000
1799,50000,AutoPay,400000
1800,50000,Virtual Account,350000
1801,160000,E-Wallet,1120000
1802,50000,E-Wallet,400000
1803,150000,Virtual Account,1200000
1804,50000,Credit Card,600000
1805,50000,Credit Card,300000
1806,90000,AutoPay,1080000
1807,220000,Credit Card,1320000
1808,205000,Virtual Account,2460000
1809,80000,E-Wallet,480000
1810,75000,E-Wallet,600000
1811,50000,Virtual Account,550000
1812,75000,E-Wallet,825000
1813,75000,E-Wallet,825000
1814,180000,Credit Card,1620000
1815,210000,Virtual Account,2100000
1816,75000,AutoPay,525000
1817,100000,AutoPay,1200000
1818,120000,E-Wallet,720000
1819,160000,AutoPay,960000
1820,80000,E-Wallet,560000
1821,75000,AutoPay,750000
1822,115000,E-Wallet,1265000
1823,50000,E-Wallet,400000
1824,65000,Virtual Account,715000
1825,50000,AutoPay,350000
1826,75000,Virtual Account,600000
1827,50000,E-Wallet,400000
1828,50000,Virtual Account,450000
1829,50000,E-Wallet,600000
1830,160000,Virtual Account,1760000
1831,120000,Credit Card,840000
1832,75000,E-Wallet,525000
1833,75000,Credit Card,675000
1834,180000,Credit Card,2160000
1835,50000,Virtual Account,550000
1836,50000,Credit Card,350000
1837,50000,AutoPay,600000
1838,50000,E-Wallet,450000
1839,75000,AutoPay,675000
1840,195000,AutoPay,1365000
1841,90000,AutoPay,990000
1842,75000,E-Wallet,825000
1843,180000,AutoPay,1800000
1844,80000,Credit Card,880000
1845,50000,Credit Card,600000
1846,100000,Virtual Account,1000000
1847,75000,E-Wallet,525000
1848,50000,Virtual Account,350000
1849,105000,Virtual Account,945000
1850,75000,Credit Card,525000
1851,75000,Virtual Account,750000
1852,75000,Credit Card,900000
1853,50000,Credit Card,350000
1854,50000,AutoPay,300000
1855,75000,AutoPay,525000
1856,50000,Credit Card,450000
1857,180000,E-Wallet,2160000
1858,75000,E-Wallet,600000
1859,50000,AutoPay,450000
1860,120000,E-Wallet,720000
1861,90000,Virtual Account,900000
1862,50000,AutoPay,450000
1863,120000,E-Wallet,960000
1864,160000,Virtual Account,1280000
1865,105000,Credit Card,840000
1866,50000,E-Wallet,550000
1867,105000,AutoPay,1260000
1868,150000,AutoPay,1500000
1869,50000,AutoPay,400000
1870,50000,AutoPay,300000
1871,120000,E-Wallet,720000
1872,50000,E-Wallet,350000
1873,120000,Credit Card,1440000
1874,75000,Credit Card,600000
1875,75000,Virtual Account,675000
1876,50000,Virtual Account,550000
1877,120000,AutoPay,720000
1878,75000,Virtual Account,675000
1879,90000,AutoPay,810000
1880,75000,Credit Card,450000
1881,150000,Virtual Account,900000
1882,180000,Credit Card,1800000
1883,100000,Credit Card,700000
1884,75000,Credit Card,825000
1885,210000,Virtual Account,1260000
1886,90000,Credit Card,990000
1887,50000,Virtual Account,550000
1888,90000,AutoPay,900000
1889,120000,AutoPay,720000
1890,75000,E-Wallet,750000
1891,75000,AutoPay,750000
1892,75000,Virtual Account,675000
1893,75000,AutoPay,675000
1894,75000,Credit Card,600000
1895,50000,Virtual Account,400000
1896,75000,AutoPay,750000
1897,105000,AutoPay,840000
1898,75000,AutoPay,450000
1899,120000,Virtual Account,960000
1900,150000,Credit Card,1350000
1901,145000,Virtual Account,1015000
1902,75000,Virtual Account,750000
1903,50000,Virtual Account,300000
1904,100000,E-Wallet,600000
1905,180000,AutoPay,1800000
1906,150000,Credit Card,1350000
1907,120000,E-Wallet,1200000
1908,50000,AutoPay,450000
1909,75000,E-Wallet,900000
1910,105000,AutoPay,1260000
1911,50000,AutoPay,600000
1912,50000,AutoPay,350000
1913,180000,E-Wallet,1980000
1914,50000,AutoPay,600000
1915,50000,E-Wallet,350000
1916,50000,Virtual Account,300000
1917,180000,Virtual Account,1620000
1918,105000,Virtual Account,1155000
1919,75000,AutoPay,450000
1920,210000,Credit Card,2520000
1921,50000,AutoPay,600000
1922,75000,Credit Card,525000
1923,50000,Credit Card,300000
1924,50000,Credit Card,500000
1925,120000,AutoPay,1080000
1926,135000,AutoPay,810000
1927,115000,E-Wallet,805000
1928,75000,E-Wallet,675000
1929,75000,AutoPay,600000
1930,90000,AutoPay,540000
1931,50000,AutoPay,450000
1932,50000,E-Wallet,350000
1933,50000,AutoPay,550000
1934,120000,Virtual Account,1200000
1935,50000,AutoPay,600000
1936,50000,AutoPay,300000
1937,75000,AutoPay,600000
1938,120000,E-Wallet,840000
1939,50000,E-Wallet,550000
1940,50000,Credit Card,600000
1941,75000,E-Wallet,525000
1942,120000,E-Wallet,1320000
1943,105000,Credit Card,1260000
1944,120000,Credit Card,1200000
1945,205000,AutoPay,1435000
1946,120000,Virtual Account,1440000
1947,75000,Credit Card,825000
1948,75000,E-Wallet,750000
1949,50000,AutoPay,600000
1950,180000,Credit Card,1080000
1951,75000,E-Wallet,750000
1952,90000,AutoPay,990000
1953,75000,E-Wallet,750000
1954,50000,Credit Card,300000
1955,75000,Credit Card,450000
1956,100000,AutoPay,1200000
1957,75000,E-Wallet,675000
1958,120000,Virtual Account,1320000
1959,65000,AutoPay,780000
1960,90000,E-Wallet,900000
1961,115000,Virtual Account,1265000
1962,100000,Virtual Account,600000
1963,120000,Virtual Account,1200000
1964,75000,Credit Card,750000
1965,75000,Credit Card,600000
1966,50000,Virtual Account,400000
1967,180000,Virtual Account,2160000
1968,105000,Credit Card,1260000
1969,135000,Credit Card,1620000
1970,50000,Credit Card,600000
1971,75000,Credit Card,525000
1972,75000,AutoPay,750000
1973,120000,E-Wallet,840000
1974,105000,Credit Card,840000
1975,180000,AutoPay,1620000
1976,100000,E-Wallet,1000000
1977,75000,Virtual Account,900000
1978,80000,AutoPay,640000
1979,120000,E-Wallet,840000
1980,50000,Virtual Account,400000
1981,120000,E-Wallet,1320000
1982,220000,Virtual Account,1320000
1983,210000,Credit Card,1260000
1984,75000,Credit Card,900000
1985,75000,E-Wallet,750000
1986,120000,E-Wallet,1320000
1987,75000,Virtual Account,450000
1988,75000,E-Wallet,825000
1989,65000,E-Wallet,455000
1990,105000,E-Wallet,1155000
1991,90000,Virtual Account,990000
1992,50000,Credit Card,600000
1993,75000,Credit Card,900000
1994,90000,Virtual Account,810000
1995,75000,Credit Card,525000
1996,50000,Credit Card,450000
1997,75000,E-Wallet,600000
1998,50000,AutoPay,400000
1999,100000,AutoPay,700000
2000,75000,Credit Card,450000
